DATE,SYMBOL,PRICE_USD,CEX_TRADING_VOLUME_24H_USD,CIRCULATING_TOKENS
02/18/2026,AAVE,125.705060742,295993771,15191888
02/18/2026,ADA,0.2800574267,333308302,36800973395
02/18/2026,BNB,615.779967991,798802599,136359189
02/18/2026,BTC,67298.277733125,37648533218,19991081
02/18/2026,ETH,1981.395058313,20554190969,120692424
02/18/2026,NEAR,1.0408695,133459938,1288051119
02/18/2026,SOL,84.860535845,3129779624,568239934
02/18/2026,XRP,1.469471221,2284641499,60917315351
02/18/2026,ZEC,298.621878188,390473115,16511427
02/17/2026,AAVE,126.980255178,414133932,15191736
02/17/2026,ADA,0.2851506693,356190300,36800973395
02/17/2026,BNB,626.905164547,799497337,136359220
02/17/2026,BTC,68891.014081243,36355146073,19990578
02/17/2026,ETH,1999.508533638,18581653356,120692440
02/17/2026,NEAR,1.053389653,156724704,1287973425
02/17/2026,SOL,86.704085834,3743202970,568078740
02/17/2026,XRP,1.485329711,2953858101,60917315351
02/17/2026,ZEC,293.589729416,381472065,16511427
02/16/2026,AAVE,125.710500347,408642141,15191416
02/16/2026,ADA,0.2819531826,543988484,36800973395
02/16/2026,BNB,616.01086735,993259041,136359274
02/16/2026,BTC,68779.508497887,43877185987,19990034
02/16/2026,ETH,1967.9075364,31032822728,120692449
02/16/2026,NEAR,1.054612584,158342075,1287869145
02/16/2026,SOL,86.111533781,4386151366,568079708
02/16/2026,XRP,1.477402792,5395791852,60917315351
02/16/2026,ZEC,298.024293295,520036391,16511427
02/15/2026,AAVE,128.136295965,328930596,15191255
02/15/2026,ADA,0.2968127672,528836373,36800973395
02/15/2026,BNB,631.801834363,802701470,136359315
02/15/2026,BTC,69755.233139898,38853900171,19989409
02/15/2026,ETH,2079.812201608,16422713875,120692468
02/15/2026,NEAR,1.077663468,148467551,1287791729
02/15/2026,SOL,88.114099426,3117499941,567958007
02/15/2026,XRP,1.522156834,2633139573,60917315351
02/15/2026,ZEC,323.022761131,669408180,16511427
02/14/2026,AAVE,119.899092517,331553082,15191155
02/14/2026,ADA,0.2742045891,395359132,36800973395
02/14/2026,BNB,622.940678259,1283479104,136359354
02/14/2026,BTC,69018.284425833,42903405950,19988909
02/14/2026,ETH,2051.970135209,20500797836,120692468
02/14/2026,NEAR,1.023804503,136336748,1287713843
02/14/2026,SOL,84.901991956,3867120636,567958922
02/14/2026,XRP,1.413505298,2431545424,60917315351
02/14/2026,ZEC,276.935779496,492816426,16511427
02/13/2026,AAVE,112.751437249,435933572,15190466
02/13/2026,ADA,0.2620866866,418266582,36794311012
02/13/2026,BNB,610.577560133,965913634,136359409
02/13/2026,BTC,65910.893941798,47360671009,19988381
02/13/2026,ETH,1933.13074835,19379995344,120692542
02/13/2026,NEAR,0.9593745585,151708820,1287635733
02/13/2026,SOL,77.94940493,3940893773,567837326
02/13/2026,XRP,1.352745595,2480129139,60917315351
02/13/2026,ZEC,232.655088559,339518985,16511427
02/12/2026,AAVE,108.500133291,405978662,15190359
02/12/2026,ADA,0.2576943802,408745609,36794311012
02/12/2026,BNB,611.448997632,1563501954,136359451
02/12/2026,BTC,67472.385903179,55040317627,19987881
02/12/2026,ETH,1961.66699465,24262688323,120692570
02/12/2026,NEAR,0.9677342637,172669691,1287530914
02/12/2026,SOL,80.015096617,3958839127,567838372
02/12/2026,XRP,1.377872428,3378096123,60917315351
02/12/2026,ZEC,242.202520806,417742651,16511427
02/11/2026,AAVE,109.785717483,231127435,15190300
02/11/2026,ADA,0.2626949206,359717596,36794311012
02/11/2026,BNB,622.31160877,1165008236,136359508
02/11/2026,BTC,69210.407397494,44152617153,19987381
02/11/2026,ETH,2027.135204988,23985484550,120692589
02/11/2026,NEAR,0.9961990878,133280475,1287454079
02/11/2026,SOL,83.476265804,3560449790,567716822
02/11/2026,XRP,1.410235181,2309575468,60917315351
02/11/2026,ZEC,235.078843753,298903138,16511427
02/10/2026,AAVE,112.175116339,349844410,15190254
02/10/2026,ADA,0.2690624047,583853770,36794311012
02/10/2026,BNB,637.278801293,1249681032,136359558
02/10/2026,BTC,69928.941821239,55356394425,19986931
02/10/2026,ETH,2100.959753686,24680179721,120692614
02/10/2026,NEAR,1.028343856,108342319,1287377283
02/10/2026,SOL,86.487788051,4405153541,567524562
02/10/2026,XRP,1.438683783,3504987418,60917315351
02/10/2026,ZEC,238.089601408,325953165,16511427
02/09/2026,AAVE,112.355400239,299790457,15189983
02/09/2026,ADA,0.2699330203,735254735,36794311012
02/09/2026,BNB,639.618652925,1023311647,136359603
02/09/2026,BTC,70492.947910884,43383987889,19986421
02/09/2026,ETH,2083.640886118,20063022266,120692627
02/09/2026,NEAR,1.039010423,84052951,1287273972
02/09/2026,SOL,86.924858934,3261108037,567402763
02/09/2026,XRP,1.431329588,2588162061,60917315351
02/09/2026,ZEC,240.564914468,337949592,16511427
02/08/2026,AAVE,113.553488953,385171744,15189922
02/08/2026,ADA,0.2722291802,1200139744,36794311012
02/08/2026,BNB,648.73888787,1505556588,136359636
02/08/2026,BTC,69216.678999155,67176565532,19985893
02/08/2026,ETH,2086.520404701,39080077369,120692655
02/08/2026,NEAR,1.073327143,167565840,1287197123
02/08/2026,SOL,87.406385714,5285599300,567404285
02/08/2026,XRP,1.426945319,5348475632,60917315351
02/08/2026,ZEC,241.51339991,434641175,16511427
02/07/2026,AAVE,112.935304506,691301141,15189633
02/07/2026,ADA,0.2733059314,1425502006,36787594678
02/07/2026,BNB,652.554408922,2973632441,136359677
02/07/2026,BTC,69909.640727932,113183085083,19985371
02/07/2026,ETH,2042.53312744,56914268030,120692919
02/07/2026,NEAR,1.079309347,248780146,1287120122
02/07/2026,SOL,86.653954241,10797288172,567282515
02/07/2026,XRP,1.45963287,11948335603,60917315351
02/07/2026,ZEC,237.307191817,716528652,16511427
02/06/2026,AAVE,100.81839022,1028609359,15189592
02/06/2026,ADA,0.2443000486,1662172176,36787594678
02/06/2026,BNB,616.036534864,4839773178,136359729
02/06/2026,BTC,63659.607469887,156815640640,19984921
02/06/2026,ETH,1876.064926527,70267911390,120693508
02/06/2026,NEAR,0.9520048717,459829652,1287016361
02/06/2026,SOL,75.856669067,13296330309,566666008
02/06/2026,XRP,1.221288395,13462845366,60917315351
02/06/2026,ZEC,203.604022432,786737504,16511427
02/05/2026,AAVE,123.913710845,516374720,15189392
02/05/2026,ADA,0.2864255892,752359352,36787594678
02/05/2026,BNB,694.924032707,2646892317,136359804
02/05/2026,BTC,72704.596990326,73911996476,19984512
02/05/2026,ETH,2145.724776743,45002681732,120693508
02/05/2026,NEAR,1.155878158,176832902,1286939300
02/05/2026,SOL,91.637919398,7563882890,566544268
02/05/2026,XRP,1.492278134,4527775235,60917315351
02/05/2026,ZEC,251.940526562,459557339,16511427
02/04/2026,AAVE,125.781776231,458484436,15187919
02/04/2026,ADA,0.2946761461,738577610,36787594678
02/04/2026,BNB,754.582169056,1996104991,136359866
02/04/2026,BTC,75937.903921452,76240752181,19982656
02/04/2026,ETH,2245.499647558,50416152730,120693577
02/04/2026,NEAR,1.185232467,197669411,1286861440
02/04/2026,SOL,98.230568201,6308503483,566551556
02/04/2026,XRP,1.577868682,4107301078,60853233336
02/04/2026,ZEC,276.262121783,473581073,16511427
02/03/2026,AAVE,127.815379669,472118371,15187656
02/03/2026,ADA,0.2996262671,819497382,36787594678
02/03/2026,BNB,773.491043576,2223783461,136359930
02/03/2026,BTC,79014.421739228,83073579310,19982656
02/03/2026,ETH,2353.067843146,48769882385,120693748
02/03/2026,NEAR,1.201585896,208538504,1286756288
02/03/2026,SOL,103.909472635,7445784246,566429574
02/03/2026,XRP,1.61491885,4733073141,60853233336
02/03/2026,ZEC,293.137911608,459086610,16511427
02/02/2026,AAVE,126.076208762,400747445,15187303
02/02/2026,ADA,0.2892895435,695782644,36780903711
02/02/2026,BNB,763.724859252,1965272628,136360002
02/02/2026,BTC,77622.423199087,58582866106,19982656
02/02/2026,ETH,2293.597718374,41740020072,120693815
02/02/2026,NEAR,1.193140657,183370670,1286677368
02/02/2026,SOL,102.175465191,6162775958,566430996
02/02/2026,XRP,1.60401516,3996246476,60853233336
02/02/2026,ZEC,314.212866726,472849206,16511427
02/01/2026,AAVE,129.72248324,525220908,15187212
02/01/2026,ADA,0.2952983483,1386753216,36780903711
02/01/2026,BNB,784.313392616,2695474472,136360056
02/01/2026,BTC,78750.147576923,80086167240,19982656
02/01/2026,ETH,2446.75906692,50700360850,120693815
02/01/2026,NEAR,1.208433996,269178758,1286599156
02/01/2026,SOL,105.53808238,10310143828,566308908
02/01/2026,XRP,1.662285326,6315379910,60853233336
02/01/2026,ZEC,305.990243371,667773769,16511427
01/31/2026,AAVE,137.621083365,333137231,15187053
01/31/2026,ADA,0.3196808886,731320071,36780903711
01/31/2026,BNB,856.01763468,2313566578,136360116
01/31/2026,BTC,83945.205967782,77292646391,19982493
01/31/2026,ETH,2702.160899601,40289441468,120694259
01/31/2026,NEAR,1.318375341,223211442,1286521137
01/31/2026,SOL,117.440671533,7171042163,566310285
01/31/2026,XRP,1.734078872,4957896458,60853233336
01/31/2026,ZEC,339.533094742,545947594,16511427
01/30/2026,AAVE,146.434531681,441265909,15185339
01/30/2026,ADA,0.3335777495,623372573,36780903711
01/30/2026,BNB,863.443883618,3383544605,136360207
01/30/2026,BTC,84012.615501921,72026348422,19982090
01/30/2026,ETH,2800.407950332,39662370216,120694351
01/30/2026,NEAR,1.368318573,170156778,1286415336
01/30/2026,SOL,117.510260159,6304103785,566190029
01/30/2026,XRP,1.79578725,4616651880,60853233336
01/30/2026,ZEC,353.636476435,470134969,16511427
01/29/2026,AAVE,159.434625535,395901629,15184640
01/29/2026,ADA,0.3558530015,429549258,36780903711
01/29/2026,BNB,902.706879591,1198543913,136360270
01/29/2026,BTC,89003.018113827,45824390831,19981681
01/29/2026,ETH,3004.88155583,21948281769,120694374
01/29/2026,NEAR,1.477466131,124487476,1286336923
01/29/2026,SOL,124.843913545,3825102115,566191448
01/29/2026,XRP,1.902402915,2278215175,60853233336
01/29/2026,ZEC,370.202266804,512258945,16511427
01/28/2026,AAVE,158.258441402,354117856,15184605
01/28/2026,ADA,0.3588481848,448881059,36774107791
01/28/2026,BNB,898.437738698,1257567503,136360325
01/28/2026,BTC,89306.634663652,43984882809,19981340
01/28/2026,ETH,3018.58188035,28577097596,120694394
01/28/2026,NEAR,1.491386329,114442122,1286258799
01/28/2026,SOL,126.968452228,4015856804,566068940
01/28/2026,XRP,1.90871523,2188432111,60853233336
01/28/2026,ZEC,400.50166668,611920322,16511427
01/27/2026,AAVE,153.98111439,325078990,15185557
01/27/2026,ADA,0.3516728892,433172062,36774107791
01/27/2026,BNB,876.113146628,1213140452,136360381
01/27/2026,BTC,88191.422726737,49381541335,19980959
01/27/2026,ETH,2913.351474994,30106259451,120694419
01/27/2026,NEAR,1.467167399,105100976,1286181141
01/27/2026,SOL,123.912212491,4441480361,566070542
01/27/2026,XRP,1.900409587,2918992555,60853233336
01/27/2026,ZEC,366.971981323,567996735,16511427
01/26/2026,AAVE,148.988070275,324777201,15185534
01/26/2026,ADA,0.3433514004,503685747,36774107791
01/26/2026,BNB,866.762730104,1340954453,136360434
01/26/2026,BTC,86768.222160416,41944580952,19980568
01/26/2026,ETH,2837.809003312,24463053635,120694435
01/26/2026,NEAR,1.444044883,129372499,1286077093
01/26/2026,SOL,119.492019448,5260581430,565948207
01/26/2026,XRP,1.850427622,2802724156,60853233336
01/26/2026,ZEC,331.544327919,432169448,16511427
01/25/2026,AAVE,156.294028535,147719362,15183665
01/25/2026,ADA,0.3583818363,193015827,36774107791
01/25/2026,BNB,884.703963433,592303158,136360482
01/25/2026,BTC,89169.745134276,16101717040,19980246
01/25/2026,ETH,2954.088039877,8183768278,120694449
01/25/2026,NEAR,1.511497202,60111073,1285999478
01/25/2026,SOL,127.087171399,1701929489,565949382
01/25/2026,XRP,1.911174741,975466447,60853233336
01/25/2026,ZEC,361.784301887,340404962,16511427
01/24/2026,AAVE,156.665158184,351722976,15183658
01/24/2026,ADA,0.3589768743,420659882,36774107791
01/24/2026,BNB,888.631896271,1161069448,136360562
01/24/2026,BTC,89334.750340128,42593103586,19979915
01/24/2026,ETH,2946.726445098,22748998644,120694469
01/24/2026,NEAR,1.502855524,111348957,1285921900
01/24/2026,SOL,127.262495899,4075879356,565826723
01/24/2026,XRP,1.917011315,2478279216,60853233336
01/24/2026,ZEC,367.447735648,348434056,16511427
01/23/2026,AAVE,157.347491645,326415407,15183142
01/23/2026,ADA,0.359205436,378238392,36774107791
01/23/2026,BNB,888.868279879,1198079183,136360678
01/23/2026,BTC,89493.131565743,39009822554,19979481
01/23/2026,ETH,2952.129071372,21886815341,120694491
01/23/2026,NEAR,1.515491583,112473402,1285816687
01/23/2026,SOL,128.278161058,3426100431,565827823
01/23/2026,XRP,1.91710991,2305576573,60789498738
01/23/2026,ZEC,369.157567959,372948197,16511427
01/22/2026,AAVE,160.998011567,362161681,15182652
01/22/2026,ADA,0.3673728082,682878396,36767176679
01/22/2026,BNB,888.45679691,3025379846,136360806
01/22/2026,BTC,89782.926342941,60933909627,19978959
01/22/2026,ETH,3001.530326439,36320302172,120694540
01/22/2026,NEAR,1.54119531,199583276,1285739312
01/22/2026,SOL,129.996192086,5828350278,565705416
01/22/2026,XRP,1.954081348,4351572651,60789498738
01/22/2026,ZEC,357.848392148,558155193,16508289
01/21/2026,AAVE,155.139857667,269606483,15182646
01/21/2026,ADA,0.3564504813,699083216,36767176679
01/21/2026,BNB,880.250421729,2461005270,136360949
01/21/2026,BTC,88833.358635466,61945092861,19978565
01/21/2026,ETH,2956.375979552,34404406126,120694565
01/21/2026,NEAR,1.525203514,193388547,1285656977
01/21/2026,SOL,127.208215907,6098100704,565706642
01/21/2026,XRP,1.91091938,3622058501,60789498738
01/21/2026,ZEC,353.280315381,639932665,16508289
01/20/2026,AAVE,163.548139265,256750589,15183605
01/20/2026,ADA,0.3681049172,664999205,36767176679
01/20/2026,BNB,928.558905412,2011904034,136361031
01/20/2026,BTC,92634.735985835,35686341944,19978134
01/20/2026,ETH,3180.949148874,22442478199,120694585
01/20/2026,NEAR,1.58756531,195459904,1285579360
01/20/2026,SOL,133.623567028,3673386312,565584188
01/20/2026,XRP,1.984336183,3316233699,60789498738
01/20/2026,ZEC,368.418522767,512344189,16506089
01/19/2026,AAVE,163.092900605,339648023,15183562
01/19/2026,ADA,0.3625404382,656973538,36760319896
01/19/2026,BNB,918.05469445,1792044320,136361105
01/19/2026,BTC,92567.560649869,31889054565,19977687
01/19/2026,ETH,3210.487281992,21141000647,120694592
01/19/2026,NEAR,1.568264908,268542444,1285501755
01/19/2026,SOL,133.696688143,4776424094,565585053
01/19/2026,XRP,1.947114512,2941579653,60789498738
01/19/2026,ZEC,361.060651291,412516393,16503852
01/18/2026,AAVE,173.777547704,198698049,15183538
01/18/2026,ADA,0.3961835783,321284600,36760319896
01/18/2026,BNB,945.087157053,1213918001,136361175
01/18/2026,BTC,95043.886604593,18005578249,19977190
01/18/2026,ETH,3301.94843008,11506300605,120694601
01/18/2026,NEAR,1.755088334,152839177,1285397828
01/18/2026,SOL,143.214279326,2039118038,565462354
01/18/2026,XRP,2.058856198,1294950704,60789498738
01/18/2026,ZEC,399.29505286,273084352,16502875
01/17/2026,AAVE,175.545121017,261265395,15183574
01/17/2026,ADA,0.3956730499,555499775,36760319896
01/17/2026,BNB,935.717075309,1175843374,136361222
01/17/2026,BTC,95427.582862563,36605871614,19976781
01/17/2026,ETH,3291.298889524,23013204696,120694613
01/17/2026,NEAR,1.732932906,147118693,1285320482
01/17/2026,SOL,144.256703341,3952266877,565463564
01/17/2026,XRP,2.063068417,2324889190,60789498738
01/17/2026,ZEC,406.226336067,404893278,16500938
01/16/2026,AAVE,172.046975559,390539109,15183454
01/16/2026,ADA,0.3933855473,674458101,36760319896
01/16/2026,BNB,932.955634388,1596190998,136361290
01/16/2026,BTC,95597.038500744,57497632143,19976375
01/16/2026,ETH,3316.476261682,27732997365,120694613
01/16/2026,NEAR,1.719332317,207585784,1285243060
01/16/2026,SOL,142.501600576,4915657056,565322771
01/16/2026,XRP,2.083090774,3220412217,60699081830
01/16/2026,ZEC,410.073885614,670913413,16498767
01/15/2026,AAVE,177.25561482,348886285,15184907
01/15/2026,ADA,0.4117757552,759941163,36760319896
01/15/2026,BNB,941.578556926,2199538984,137733119
01/15/2026,BTC,96714.788740316,68017049811,19975925
01/15/2026,ETH,3333.976929659,34279192019,120694650
01/15/2026,NEAR,1.803213714,239140414,1285138971
01/15/2026,SOL,145.873372287,6715073038,565323949
01/15/2026,XRP,2.132030384,4508440845,60699081830
01/15/2026,ZEC,442.735447932,861816851,16496681
01/14/2026,AAVE,177.917780362,455032595,15184906
01/14/2026,ADA,0.4220459034,827988864,36760319896
01/14/2026,BNB,947.010589254,3113870777,137733233
01/14/2026,BTC,95181.246076619,68024464391,19975550
01/14/2026,ETH,3322.347583166,35100506780,120694706
01/14/2026,NEAR,1.86276252,382348968,1285061625
01/14/2026,SOL,144.989379537,8022229368,565201266
01/14/2026,XRP,2.165347664,4114513225,60699967552
01/14/2026,ZEC,412.092060475,750186935,16495244
01/13/2026,AAVE,165.585221578,316437779,15184804
01/13/2026,ADA,0.3863153382,574381225,36683447622
01/13/2026,BNB,905.460806229,1374946623,137733795
01/13/2026,BTC,91377.09091778,46193502194,19975121
01/13/2026,ETH,3105.153662439,20840216557,120694706
01/13/2026,NEAR,1.692174604,242350253,1284983682
01/13/2026,SOL,139.098829801,6327868822,565079047
01/13/2026,XRP,2.056812617,3685702788,60699967552
01/13/2026,ZEC,402.558075726,771362191,16493877
01/12/2026,AAVE,166.80099925,184571619,15184465
01/12/2026,ADA,0.389662696,414884196,36683447622
01/12/2026,BNB,900.731746851,1186549485,137733907
01/12/2026,BTC,91138.589436352,21434629474,19974675
01/12/2026,ETH,3117.453166164,11687227799,120694719
01/12/2026,NEAR,1.695978359,125090238,1284879948
01/12/2026,SOL,140.706870727,4016269540,564579740
01/12/2026,XRP,2.050300564,2131743789,60699967552
01/12/2026,ZEC,384.439595178,539348516,16491974
01/11/2026,AAVE,165.05033409,128043411,15182755
01/11/2026,ADA,0.3886121291,240923715,36683447622
01/11/2026,BNB,904.608201336,1331061806,137734042
01/11/2026,BTC,90499.121943263,13589044478,19974293
01/11/2026,ETH,3087.498912455,6864897528,120694734
01/11/2026,NEAR,1.692602621,86521141,1284802425
01/11/2026,SOL,136.165439689,1744026094,564457208
01/11/2026,XRP,2.086824838,1094902652,60699967552
01/11/2026,ZEC,377.323439016,662483265,16490102
01/10/2026,AAVE,164.482043917,216672742,15182711
01/10/2026,ADA,0.3891072267,491806454,36683447622
01/10/2026,BNB,896.767644741,1024619958,137734150
01/10/2026,BTC,90479.051279539,42706598355,19973800
01/10/2026,ETH,3079.763673052,18466204992,120694747
01/10/2026,NEAR,1.68852106,196253581,1284724274
01/10/2026,SOL,135.688065565,5406424500,564262188
01/10/2026,XRP,2.089243159,3538973019,60699967552
01/10/2026,ZEC,399.086765949,689892799,16488541
01/09/2026,AAVE,164.879245508,282415857,15182668
01/09/2026,ADA,0.3972755892,624902957,36676550459
01/09/2026,BNB,893.123040654,1491245637,137734222
01/09/2026,BTC,91194.556128933,47931659950,19973353
01/09/2026,ETH,3112.79673958,24358504732,120694767
01/09/2026,NEAR,1.689335029,178645836,1284646248
01/09/2026,SOL,139.050134008,5384909853,564139801
01/09/2026,XRP,2.13159542,4552738007,60676393849
01/09/2026,ZEC,435.108223541,1500929473,16484702
01/08/2026,AAVE,167.862222121,269053484,15182442
01/08/2026,ADA,0.4027801763,577814256,36676550459
01/08/2026,BNB,901.190806165,1636004182,137734266
01/08/2026,BTC,91301.590488048,46096734484,19972909
01/08/2026,ETH,3168.026071068,24068424832,120694786
01/08/2026,NEAR,1.722445908,181204867,1284541690
01/08/2026,SOL,136.72562978,4228637599,564137568
01/08/2026,XRP,2.169172922,3839558958,60676393849
01/08/2026,ZEC,478.103893763,560862364,16484702
01/07/2026,AAVE,173.371357203,350424760,15181868
01/07/2026,ADA,0.4138820341,960562298,36676550459
01/07/2026,BNB,909.467826583,1681579203,137734311
01/07/2026,BTC,92741.905379663,58553752541,19972468
01/07/2026,ETH,3261.453070993,28873032972,120694829
01/07/2026,NEAR,1.77259989,289865299,1284463462
01/07/2026,SOL,140.13413781,6540297585,564014143
01/07/2026,XRP,2.289714992,8267956227,60676393849
01/07/2026,ZEC,499.865277253,704988960,16483180
01/06/2026,AAVE,172.504879527,289868650,15181567
01/06/2026,ADA,0.4243881654,926217327,36676550459
01/06/2026,BNB,909.212760502,1491549786,137734359
01/06/2026,BTC,93836.671031797,56528813889,19972078
01/06/2026,ETH,3218.164996144,28162616168,120694851
01/06/2026,NEAR,1.770314332,270843074,1284385355
01/06/2026,SOL,137.608973552,5668988562,563400036
01/06/2026,XRP,2.369070648,7388646326,60676393849
01/06/2026,ZEC,501.740501958,479122702,16481230
01/05/2026,AAVE,165.161875475,183838196,15181428
01/05/2026,ADA,0.4014001354,658640414,36676550459
01/05/2026,BNB,899.382266008,1275832608,137734405
01/05/2026,BTC,92312.017219403,31893661059,19971656
01/05/2026,ETH,3164.829969175,14576189152,120694861
01/05/2026,NEAR,1.737612975,145023282,1284280497
01/05/2026,SOL,135.462578921,3380605516,563277310
01/05/2026,XRP,2.110529731,3515267043,60676393849
01/05/2026,ZEC,504.420971512,381231580,16477877
01/04/2026,AAVE,164.426930667,222147159,15181305
01/04/2026,ADA,0.3945935569,580927908,36669617499
01/04/2026,BNB,880.500267081,1062559116,137734454
01/04/2026,BTC,91271.999213269,26062831123,19971200
01/04/2026,ETH,3155.856262717,13740297742,120694873
01/04/2026,NEAR,1.71234798,135866397,1284202133
01/04/2026,SOL,134.480075792,2950807680,563277961
01/04/2026,XRP,2.042756067,2578266273,60676393849
01/04/2026,ZEC,508.252478222,452827888,16477877
01/03/2026,AAVE,164.991100917,301571676,15180635
01/03/2026,ADA,0.3950631469,1029743038,36669617499
01/03/2026,BNB,881.20441727,1661811815,137734493
01/03/2026,BTC,90107.89157966,50393208448,19970715
01/03/2026,ETH,3128.765495916,25778605726,120694893
01/03/2026,NEAR,1.695971931,191207399,1284124165
01/03/2026,SOL,132.565918243,4993984496,563155113
01/03/2026,XRP,2.015932252,4158301182,60676393849
01/03/2026,ZEC,493.139511317,611446084,16474439
01/02/2026,AAVE,149.018207757,123693007,15180458
01/02/2026,ADA,0.3556167507,538539764,36669617499
01/02/2026,BNB,863.466983785,1000891837,137734533
01/02/2026,BTC,88746.962738451,22084887614,19970256
01/02/2026,ETH,3003.774490255,10761499467,120694903
01/02/2026,NEAR,1.625283829,150363530,1284045865
01/02/2026,SOL,126.62182515,2698271700,563155765
01/02/2026,XRP,1.87618518,1369013706,60676393849
01/02/2026,ZEC,526.721319289,462931222,16473644
01/01/2026,AAVE,146.235508145,177752494,15178274
01/01/2026,ADA,0.3335532039,608249974,36669617499
01/01/2026,BNB,865.217035956,1903921736,137734573
01/01/2026,BTC,87681.453864161,37182145763,19969790
01/01/2026,ETH,2975.595865824,16574697282,120694903
01/01/2026,NEAR,1.516634679,118921800,1283940383
01/01/2026,SOL,124.969732658,3799873434,563032770
01/01/2026,XRP,1.843083326,1939800455,60676393849
01/01/2026,ZEC,510.320569121,851934081,16471335
12/31/2025,AAVE,148.672900376,161840576,15178238
12/31/2025,ADA,0.3503666848,472856899,36669617499
12/31/2025,BNB,858.346319644,1435327038,137734622
12/31/2025,BTC,88152.625535201,39784383449,19969387
12/31/2025,ETH,2961.861771074,19230261651,120694917
12/31/2025,NEAR,1.508820115,101588504,1283861248
12/31/2025,SOL,124.775041682,3461434451,562902036
12/31/2025,XRP,1.872076611,1760692567,60676393849
12/31/2025,ZEC,528.615285504,386910120,16470033
12/30/2025,AAVE,149.801535115,225390845,15196394
12/30/2025,ADA,0.3535674389,703985022,36662807451
12/30/2025,BNB,850.373144313,1595316588,137734665
12/30/2025,BTC,87123.936008255,52962635202,19969009
12/30/2025,ETH,2933.420142014,27386102814,120694931
12/30/2025,NEAR,1.520448927,145086683,1283781604
12/30/2025,SOL,122.908324752,4826193490,562779812
12/30/2025,XRP,1.848649898,2197808813,60572944636
12/30/2025,ZEC,538.557610358,993247939,16468494
12/29/2025,AAVE,154.446565073,197542042,15196079
12/29/2025,ADA,0.3717133422,528658102,36662807451
12/29/2025,BNB,861.783126801,1259153249,137734709
12/29/2025,BTC,88209.536774351,18325245322,19968521
12/29/2025,ETH,2964.984137798,11187582391,120694947
12/29/2025,NEAR,1.599534203,107416289,1283704132
12/29/2025,SOL,126.999913181,2617713236,562780473
12/29/2025,XRP,1.872240875,1007167832,60572944636
12/29/2025,ZEC,535.209295931,647684656,16465622
12/28/2025,AAVE,154.505500083,321763678,15194459
12/28/2025,ADA,0.3506946518,516500755,36662807451
12/28/2025,BNB,835.092557699,1048738502,137734775
12/28/2025,BTC,87333.145497674,45644472256,19967618
12/28/2025,ETH,2925.86051663,18143186740,120694972
12/28/2025,NEAR,1.51452648,162634418,1283521648
12/28/2025,SOL,121.993103193,4035552151,562657758
12/28/2025,XRP,1.844046303,2063448142,60572944636
12/28/2025,ZEC,445.897816823,481731438,16461452
12/27/2025,AAVE,154.505500083,321763678,15194459
12/27/2025,ADA,0.3506946518,516500755,36662807451
12/27/2025,BNB,835.092557699,1048738502,137734775
12/27/2025,BTC,87333.145497674,45644472256,19967618
12/27/2025,ETH,2925.86051663,18143186740,120694972
12/27/2025,NEAR,1.51452648,162634418,1283521648
12/27/2025,SOL,121.993103193,4035552151,562657758
12/27/2025,XRP,1.844046303,2063448142,60572944636
12/27/2025,ZEC,445.897816823,481731438,16461452
12/26/2025,AAVE,149.207434349,300260371,15194077
12/26/2025,ADA,0.3425977197,544341525,36662807451
12/26/2025,BNB,829.564493866,745413167,137734811
12/26/2025,BTC,87080.455752523,23987121206,19967134
12/26/2025,ETH,2902.14546308,12772598805,120694972
12/26/2025,NEAR,1.441959297,123579881,1283435896
12/26/2025,SOL,120.16704834,2612902164,562534557
12/26/2025,XRP,1.829921745,1559200692,60572944636
12/26/2025,ZEC,439.903688749,521328395,16461452
12/25/2025,AAVE,148.729720811,236985243,15193772
12/25/2025,ADA,0.3548582345,417464389,36655966075
12/25/2025,BNB,845.216138062,830629813,137734847
12/25/2025,BTC,87510.468552473,27876860778,19966687
12/25/2025,ETH,2938.469533415,14948311493,120694980
12/25/2025,NEAR,1.457136652,113397733,1283354555
12/25/2025,SOL,122.108355082,2564492587,562538280
12/25/2025,XRP,1.856925859,1839906737,60572944636
12/25/2025,ZEC,445.70925058,672233588,16459744
12/24/2025,AAVE,151.185212932,396038711,15193699
12/24/2025,ADA,0.3628693074,475363161,36655966075
12/24/2025,BNB,846.424100571,989584452,137734885
12/24/2025,BTC,87626.297216908,47978170932,19966153
12/24/2025,ETH,2972.537637986,21217085481,120694996
12/24/2025,NEAR,1.48188533,143674483,1283269545
12/24/2025,SOL,123.804740761,3405919327,562415230
12/24/2025,XRP,1.872455052,2164728299,60572944636
12/24/2025,ZEC,418.438702141,536265946,16456863
12/23/2025,AAVE,149.23108138,696407464,15192989
12/23/2025,ADA,0.3723425475,551384641,36655966075
12/23/2025,BNB,859.594652772,1273547376,137735065
12/23/2025,BTC,88705.66683214,40879125678,19965734
12/23/2025,ETH,3025.921592475,21051045760,120695004
12/23/2025,NEAR,1.521053883,176507960,1283183830
12/23/2025,SOL,126.581477215,3854947468,562415896
12/23/2025,XRP,1.903110786,2572368186,60572944636
12/23/2025,ZEC,435.725876322,619738956,16456231
12/22/2025,AAVE,161.831084211,421031858,15192651
12/22/2025,ADA,0.3685080149,529358097,36655966075
12/22/2025,BNB,860.315929745,847015587,137735110
12/22/2025,BTC,88664.39683427,24715809290,19965312
12/22/2025,ETH,3026.861909922,14135832256,120695010
12/22/2025,NEAR,1.518227401,137516769,1283102801
12/22/2025,SOL,126.507720711,2973613303,562296742
12/22/2025,XRP,1.926465474,2470397633,60572944636
12/22/2025,ZEC,448.207590479,573178089,16454583
12/21/2025,AAVE,178.832903917,160322739,15192540
12/21/2025,ADA,0.3723106396,315445090,36655966075
12/21/2025,BNB,853.871783135,701473110,137735153
12/21/2025,BTC,88332.763129156,16692071018,19964890
12/21/2025,ETH,2978.155589187,8389065208,120695016
12/21/2025,NEAR,1.519674622,92011574,1283021738
12/21/2025,SOL,125.877279118,1853546007,562294880
12/21/2025,XRP,1.937373626,1941889939,60572944636
12/21/2025,ZEC,449.558961784,521976466,16450872
12/20/2025,AAVE,181.276661963,281099889,15192509
12/20/2025,ADA,0.3756042601,595114204,36649060769
12/20/2025,BNB,853.778835044,5605444310,137735236
12/20/2025,BTC,87989.106838332,50963812682,19964425
12/20/2025,ETH,2974.144924264,28345303430,120695044
12/20/2025,NEAR,1.531450253,208478498,1282944074
12/20/2025,SOL,125.723322173,5517143781,562171352
12/20/2025,XRP,1.905528458,3662505461,60572944636
12/20/2025,ZEC,450.122762114,812571785,16450872
12/19/2025,AAVE,174.083362363,340766359,15192402
12/19/2025,ADA,0.3496442416,740106240,36649060769
12/19/2025,BNB,830.318437497,2797792042,137735284
12/19/2025,BTC,85527.574145018,58537846972,19963978
12/19/2025,ETH,2828.509966245,30361266436,120695044
12/19/2025,NEAR,1.429399902,275053010,1282839717
12/19/2025,SOL,118.258596061,6429018812,562170425
12/19/2025,XRP,1.790659129,3811065888,60490580859
12/19/2025,ZEC,388.433219504,801986279,16448097
12/18/2025,AAVE,178.804305941,324513203,15190447
12/18/2025,ADA,0.3665782375,664116945,36649060769
12/18/2025,BNB,844.521854065,2507028008,137735336
12/18/2025,BTC,86162.0843108,49312542235,19963521
12/18/2025,ETH,2833.307939187,28052111999,120695059
12/18/2025,NEAR,1.482677418,192489226,1282762102
12/18/2025,SOL,123.602799917,5969125172,562047326
12/18/2025,XRP,1.867897557,3396831429,60490580859
12/18/2025,ZEC,377.143479112,705922474,16446633
12/17/2025,AAVE,185.880612372,315889309,15190266
12/17/2025,ADA,0.3835265942,539067267,36649060769
12/17/2025,BNB,870.819534524,1848812366,137735391
12/17/2025,BTC,87531.084533854,47103871093,19963093
12/17/2025,ETH,2949.62336817,23278572967,120695077
12/17/2025,NEAR,1.557976695,239898204,1282683761
12/17/2025,SOL,128.910024089,4407302231,562190425
12/17/2025,XRP,1.924383303,2948125361,60490580859
12/17/2025,ZEC,400.692552906,707699963,16445625
12/16/2025,AAVE,190.143625666,438306693,15190192
12/16/2025,ADA,0.3845794941,685985744,36649060769
12/16/2025,BNB,852.551943252,1740358136,137735438
12/16/2025,BTC,85814.248222252,49986914249,19962618
12/16/2025,ETH,2942.43007125,29219755384,120695108
12/16/2025,NEAR,1.534718726,216186955,1282579391
12/16/2025,SOL,126.400609343,5799787253,562049582
12/16/2025,XRP,1.879816063,3388719693,60490580859
12/16/2025,ZEC,406.205700883,949063333,16443092
12/15/2025,AAVE,190.185739572,269563704,15189086
12/15/2025,ADA,0.3978867174,560481771,36642122601
12/15/2025,BNB,882.825746085,1078834865,137735490
12/15/2025,BTC,88517.136026868,34451682476,19962206
12/15/2025,ETH,3075.058747712,16927085039,120695108
12/15/2025,NEAR,1.598914242,155026976,1282497214
12/15/2025,SOL,130.132312227,2880526854,562050214
12/15/2025,XRP,1.983383383,1688737907,60491484708
12/15/2025,ZEC,405.236777084,691831383,16441841
12/14/2025,AAVE,197.611427876,245064015,15182712
12/14/2025,ADA,0.4099110416,351303674,36642122601
12/14/2025,BNB,896.78265539,932624164,137735533
12/14/2025,BTC,90336.434600985,36052429877,19961812
12/14/2025,ETH,3119.455022263,10510135851,120695127
12/14/2025,NEAR,1.66096828,109070943,1282419715
12/14/2025,SOL,133.30773184,2252595642,561900458
12/14/2025,XRP,2.025629699,1632537773,60331635327
12/14/2025,ZEC,442.68276874,815830757,16437214
12/13/2025,AAVE,193.603981889,376439468,15182679
12/13/2025,ADA,0.4101011017,708507095,36642122601
12/13/2025,BNB,881.38303369,1182971859,137735573
12/13/2025,BTC,90328.475389872,64996841654,19961346
12/13/2025,ETH,3087.141198073,24310192521,120695147
12/13/2025,NEAR,1.635821022,166589439,1282342215
12/13/2025,SOL,132.623370556,5675357959,561901083
12/13/2025,XRP,2.013616165,2600440751,60331635327
12/13/2025,ZEC,459.38679214,813781015,16437214
12/12/2025,AAVE,201.938267387,379360857,15164086
12/12/2025,ADA,0.4202026875,1223840326,36642122601
12/12/2025,BNB,881.665525324,1686884952,137735618
12/12/2025,BTC,91705.233076993,52814055272,19960912
12/12/2025,ETH,3197.510529046,30566816705,120695147
12/12/2025,NEAR,1.656138223,194492133,1282264908
12/12/2025,SOL,135.929186064,6539755057,561778199
12/12/2025,XRP,2.024000305,3787972518,60331635327
12/12/2025,ZEC,455.183095894,1240943108,16436180
12/11/2025,AAVE,193.797868308,433199949,15164073
12/11/2025,ADA,0.4450185764,1068981228,36642122601
12/11/2025,BNB,883.34349655,1809487673,137735677
12/11/2025,BTC,91376.34589047,52819711260,19960412
12/11/2025,ETH,3278.020666606,32228118983,120695176
12/11/2025,NEAR,1.71527163,211380076,1282159308
12/11/2025,SOL,133.874216244,6657427640,561778928
12/11/2025,XRP,2.028447107,3846672411,60331635327
12/11/2025,ZEC,394.447413254,796594897,16434130
12/10/2025,AAVE,200.682982504,480234488,15162283
12/10/2025,ADA,0.4648996116,1415132913,36635198913
12/10/2025,BNB,892.071522388,1985653331,137735749
12/10/2025,BTC,92144.784137058,55626368376,19959900
12/10/2025,ETH,3308.08613346,33464605883,120695213
12/10/2025,NEAR,1.802248911,218743161,1282079294
12/10/2025,SOL,137.462656961,6558005613,561460828
12/10/2025,XRP,2.091537159,3659392908,60331635327
12/10/2025,ZEC,437.134460506,1209962428,16432503
12/09/2025,AAVE,190.843026219,364703859,15162248
12/09/2025,ADA,0.4322704341,595150067,36635198913
12/09/2025,BNB,896.244740708,1458305260,137735815
12/09/2025,BTC,90397.033371159,44569441580,19959537
12/09/2025,ETH,3119.146545176,25319443337,120695272
12/09/2025,NEAR,1.734058257,178636719,1281998909
12/09/2025,SOL,132.987024227,5249570746,561461563
12/09/2025,XRP,2.071567673,2880206858,60331635327
12/09/2025,ZEC,414.291623988,1342778068,16431305
12/08/2025,AAVE,188.514954701,309976635,15162211
12/08/2025,ADA,0.4160089946,625634544,36635198913
12/08/2025,BNB,896.34318893,1435703395,137735884
12/08/2025,BTC,90347.24067276,35507534437,19959056
12/08/2025,ETH,3063.891422286,21365267276,120695408
12/08/2025,NEAR,1.693120702,181911151,1281920938
12/08/2025,SOL,131.70254604,4386429775,561338226
12/08/2025,XRP,2.045239361,2871345818,60331635327
12/08/2025,ZEC,344.754604537,719279928,16423172
12/07/2025,AAVE,188.440954686,143866990,15162149
12/07/2025,ADA,0.4159942498,354261503,36635198913
12/07/2025,BNB,893.573809916,996081764,137735956
12/07/2025,BTC,89497.185254025,24571366225,19958562
12/07/2025,ETH,3046.157075886,10979780498,120695408
12/07/2025,NEAR,1.721065648,160130451,1281816409
12/07/2025,SOL,132.445040519,2351663722,560632295
12/07/2025,XRP,2.038133338,1681261101,60331635327
12/07/2025,ZEC,336.646550587,756798952,16423172
12/06/2025,AAVE,183.263458917,198270060,15162128
12/06/2025,ADA,0.4153489531,658781447,36635198913
12/06/2025,BNB,885.442900608,1501583025,137736013
12/06/2025,BTC,89407.053119799,50376889346,19958050
12/06/2025,ETH,3025.941108904,27809371594,120695422
12/06/2025,NEAR,1.682860348,203958085,1281738657
12/06/2025,SOL,133.424893296,5018326763,559895862
12/06/2025,XRP,2.033017628,3361107904,60331635327
12/06/2025,ZEC,358.954570888,1159172700,16423172
12/05/2025,AAVE,190.78561142,197403777,15161223
12/05/2025,ADA,0.4408797404,778265148,36623760644
12/05/2025,BNB,902.574396155,1587762190,137736064
12/05/2025,BTC,92304.824357441,66303175459,19957684
12/05/2025,ETH,3146.82312415,26649985208,120695422
12/05/2025,NEAR,1.800545671,202004102,1281661449
12/05/2025,SOL,139.302537442,4700009446,559896599
12/05/2025,XRP,2.105506994,3260299104,60331635327
12/05/2025,ZEC,386.062476798,997075243,16423172
12/04/2025,AAVE,197.125284164,297025368,15161146
12/04/2025,ADA,0.4509078243,1110807183,36623760644
12/04/2025,BNB,922.217769232,2133347981,137736122
12/04/2025,BTC,93026.864349494,80621533727,19957271
12/04/2025,ETH,3197.058176426,31175323257,120695439
12/04/2025,NEAR,1.846646794,238230437,1281582236
12/04/2025,SOL,145.026579695,6407638778,559773546
12/04/2025,XRP,2.196598673,3832308394,60331635327
12/04/2025,ZEC,344.462951575,1565926099,16421628
12/03/2025,AAVE,191.336487437,310302203,15161065
12/03/2025,ADA,0.4343605156,818449259,36623760644
12/03/2025,BNB,878.935691959,2005809642,137736193
12/03/2025,BTC,91662.331367391,83595390780,19956856
12/03/2025,ETH,3004.399264796,27340528255,120695463
12/03/2025,NEAR,1.794929464,264129924,1281496773
12/03/2025,SOL,138.297493749,6994073599,559776174
12/03/2025,XRP,2.153574176,4391912578,60331635327
12/03/2025,ZEC,306.450157046,1302962363,16420563
12/02/2025,AAVE,171.390303398,302591169,15160936
12/02/2025,ADA,0.386634292,1088121925,36623760644
12/02/2025,BNB,826.254134992,2244795048,137736238
12/02/2025,BTC,86505.872484987,85972371701,19956456
12/02/2025,ETH,2795.119269382,33716273297,120695503
12/02/2025,NEAR,1.628978521,224674242,1281418139
12/02/2025,SOL,127.334449229,6149344713,559652710
12/02/2025,XRP,2.021201043,4704702758,60331635327
12/02/2025,ZEC,349.176113941,1513580758,16418031
12/01/2025,AAVE,169.444486654,256721566,15160681
12/01/2025,ADA,0.3902654614,668749744,36623760644
12/01/2025,BNB,836.26621748,1333257964,137736289
12/01/2025,BTC,87054.175028874,47852498257,19956043
12/01/2025,ETH,2841.102268364,15323269794,120695512
12/01/2025,NEAR,1.704510407,141604555,1281314646
12/01/2025,SOL,127.826841441,4332427416,559654419
12/01/2025,XRP,2.063525321,2527249146,60331635327
12/01/2025,ZEC,392.250344198,761175900,16415925
11/30/2025,AAVE,182.328363846,141171159,15160264
11/30/2025,ADA,0.4145473837,367143574,36616634895
11/30/2025,BNB,875.456749777,850670366,137736341
11/30/2025,BTC,90897.386421719,38878671640,19955528
11/30/2025,ETH,2997.360823557,12453713476,120695521
11/30/2025,NEAR,1.851667922,99778486,1281237619
11/30/2025,SOL,135.962436084,2730014998,559529871
11/30/2025,XRP,2.200324987,1974274454,60331635327
11/30/2025,ZEC,462.503615816,563113366,16408163
11/29/2025,AAVE,185.691554586,196942663,15156764
11/29/2025,ADA,0.4197958326,575245525,36616634895
11/29/2025,BNB,886.267415794,1519373477,137736383
11/29/2025,BTC,90915.070512352,62614785755,19955087
11/29/2025,ETH,3037.62171982,20016064353,120695537
11/29/2025,NEAR,1.875460649,155191492,1281160661
11/29/2025,SOL,137.593799875,5351325524,559530734
11/29/2025,XRP,2.181335047,4191695753,60331635327
11/29/2025,ZEC,459.43178334,861383740,16408163
11/28/2025,AAVE,184.823404858,231595425,15156596
11/28/2025,ADA,0.4303946865,458511500,36616634895
11/28/2025,BNB,898.923796963,1291977769,137736424
11/28/2025,BTC,91211.516175651,58015153080,19954631
11/28/2025,ETH,3013.660684244,14648599756,120695549
11/28/2025,NEAR,1.909063615,134282618,1281056968
11/28/2025,SOL,140.891127363,3756148285,559407266
11/28/2025,XRP,2.191966556,2770438269,60331635327
11/28/2025,ZEC,487.484031729,850123152,16408163
11/27/2025,AAVE,185.776553461,256420934,15156429
11/27/2025,ADA,0.4364748746,745396671,36616634895
11/27/2025,BNB,893.098025984,1565525807,137736475
11/27/2025,BTC,90475.473156811,70367228050,19954181
11/27/2025,ETH,3033.807410628,20932197964,120695566
11/27/2025,NEAR,1.926101563,170308622,1280978895
11/27/2025,SOL,142.924442622,6028645344,559385250
11/27/2025,XRP,2.221582375,3877088504,60331635327
11/27/2025,ZEC,528.561809888,971398766,16408163
11/26/2025,AAVE,179.168554313,271045229,15157145
11/26/2025,ADA,0.4228232554,789899260,36616634895
11/26/2025,BNB,863.210866223,1484813924,137736527
11/26/2025,BTC,87485.482962408,67611364315,19953446
11/26/2025,ETH,2951.42633043,23156128389,120695601
11/26/2025,NEAR,1.913780114,253796025,1280901535
11/26/2025,SOL,139.059532232,4743768911,559261766
11/26/2025,XRP,2.193645177,4714409985,60256871588
11/26/2025,ZEC,517.425081937,1261832915,16406481
11/25/2025,AAVE,178.843976583,348246063,15158900
11/25/2025,ADA,0.4279800484,950494696,36609556044
11/25/2025,BNB,863.65917271,2042408735,137736573
11/25/2025,BTC,88004.26248405,76168336774,19953284
11/25/2025,ETH,2937.748448865,32227544952,120695640
11/25/2025,NEAR,1.925249405,365297078,1280823495
11/25/2025,SOL,138.392492876,6336837507,559138351
11/25/2025,XRP,2.257764826,6625812959,60256871588
11/25/2025,ZEC,524.481903291,1273010894,16405619
11/24/2025,AAVE,166.353497014,271603717,15159413
11/24/2025,ADA,0.4086118943,789934952,36609556044
11/24/2025,BNB,836.494107896,1302000669,137736615
11/24/2025,BTC,86593.540537301,62625616719,19952637
11/24/2025,ETH,2784.619138171,20598554698,120695640
11/24/2025,NEAR,1.827505479,233822649,1280719014
11/24/2025,SOL,130.938542103,4183665452,559139031
11/24/2025,XRP,2.048083245,4166202898,60256871588
11/24/2025,ZEC,576.514975902,1477697666,16401752
11/23/2025,AAVE,160.742195037,253367668,15160385
11/23/2025,ADA,0.4031092018,689647345,36609556044
11/23/2025,BNB,835.396762442,1558747427,137736652
11/23/2025,BTC,84953.88902013,41809689183,19952418
11/23/2025,ETH,2772.553703179,15016314302,120695669
11/23/2025,NEAR,1.848563827,246366583,1280641814
11/23/2025,SOL,127.94538005,3558567511,559015219
11/23/2025,XRP,1.958010318,2967273865,60256871588
11/23/2025,ZEC,516.650876195,2435866662,16401752
11/22/2025,AAVE,158.629023935,425106628,15161385
11/22/2025,ADA,0.4077688168,1939652096,36609556044
11/22/2025,BNB,835.019567066,4374478534,137736693
11/22/2025,BTC,84674.52880092,133290956014,19950600
11/22/2025,ETH,2764.006378762,49314226037,120695864
11/22/2025,NEAR,1.858371262,514736761,1280564503
11/22/2025,SOL,128.442416191,10302686299,559015903
11/22/2025,XRP,1.942723836,8759687182,60256871588
11/22/2025,ZEC,525.654388686,2411419717,16400845
11/21/2025,AAVE,166.271542361,364563795,15162607
11/21/2025,ADA,0.435926908,932099814,36609556044
11/21/2025,BNB,868.117170636,2485717443,137736746
11/21/2025,BTC,87200.184668163,99911522004,19950600
11/21/2025,ETH,2858.774938739,41249442460,120695864
11/21/2025,NEAR,2.06232184,487477902,1280487163
11/21/2025,SOL,134.136092946,8733513489,558892435
11/21/2025,XRP,2.014240215,6601757151,60256871588
11/21/2025,ZEC,670.458649775,2221388725,16398455
11/20/2025,AAVE,173.613784287,330469847,15163164
11/20/2025,ADA,0.46277291,1182724547,36609556044
11/20/2025,BNB,899.733500558,2378738057,137736799
11/20/2025,BTC,91801.725333048,81678193436,19950600
11/20/2025,ETH,3017.405665088,38494054884,120696080
11/20/2025,NEAR,2.343267485,511950895,1280383777
11/20/2025,SOL,137.347352999,6197015519,554393149
11/20/2025,XRP,2.109509628,6087185198,60179002978
11/20/2025,ZEC,675.128906709,2203761016,16383381
11/19/2025,AAVE,177.805715603,358755642,15163343
11/19/2025,ADA,0.4731388364,1232056232,36602416496
11/19/2025,BNB,930.533840875,2953067078,137736847
11/19/2025,BTC,92334.752228998,102354662616,19950440
11/19/2025,ETH,3097.708236393,39833126441,120696138
11/19/2025,NEAR,2.284534252,504864867,1280305558
11/19/2025,SOL,141.174227689,7641529572,554270827
11/19/2025,XRP,2.207135867,5520640940,60179002978
11/19/2025,ZEC,608.307755692,2328429988,16383381
11/18/2025,AAVE,168.68748436,375141766,15163198
11/18/2025,ADA,0.4648384544,1293336481,36602416496
11/18/2025,BNB,913.793562129,2875574425,137736894
11/18/2025,BTC,92046.411334988,96308403146,19950215
11/18/2025,ETH,3029.189462535,39967345622,120696215
11/18/2025,NEAR,2.269964658,461639200,1280228299
11/18/2025,SOL,131.056282632,7499621203,554313759
11/18/2025,XRP,2.149219588,5914519937,60179002978
11/18/2025,ZEC,609.338958127,2284689970,16383381
11/17/2025,AAVE,174.482443829,330193256,15164210
11/17/2025,ADA,0.4907844243,1247789474,36602416496
11/17/2025,BNB,935.191203764,2057178843,137736945
11/17/2025,BTC,95246.400792272,75860396717,19948812
11/17/2025,ETH,3134.109187288,31721600389,120696239
11/17/2025,NEAR,2.313490436,524149716,1280150048
11/17/2025,SOL,139.081222856,5114593845,554191240
11/17/2025,XRP,2.23689037,4213570753,60179002978
11/17/2025,ZEC,706.192196496,4084240731,16383381
11/16/2025,AAVE,177.633622405,223795326,15165308
11/16/2025,ADA,0.5008283956,873689283,36602416496
11/16/2025,BNB,927.948516219,1286335644,137736992
11/16/2025,BTC,95191.861308862,53097249609,19948812
11/16/2025,ETH,3144.129178417,18766754657,120696252
11/16/2025,NEAR,2.388551924,426642792,1280044579
11/16/2025,SOL,139.285582397,3460968191,554183164
11/16/2025,XRP,2.218195182,2854669553,60179002978
11/16/2025,ZEC,664.133545756,3066463149,16383381
11/15/2025,AAVE,175.487198008,681012374,15166256
11/15/2025,ADA,0.5026763471,1385358998,36602416496
11/15/2025,BNB,921.850902854,2753533846,137737036
11/15/2025,BTC,95059.93834719,111308004812,19948812
11/15/2025,ETH,3138.243616364,42862121700,120696252
11/15/2025,NEAR,2.378929418,393043922,1279966738
11/15/2025,SOL,140.658151386,8435041545,554060658
11/15/2025,XRP,2.264558677,6589261956,60179002978
11/15/2025,ZEC,645.123682301,2388601113,16383381
11/14/2025,AAVE,197.675259982,432537185,15166937
11/14/2025,ADA,0.5249335375,1233859686,36595373755
11/14/2025,BNB,920.513063183,2256360021,137737091
11/14/2025,BTC,98868.919510275,103903843345,19948450
11/14/2025,ETH,3194.668023323,48533746055,120696353
11/14/2025,NEAR,2.421758838,328557753,1279888737
11/14/2025,SOL,143.152925339,7397393222,554029395
11/14/2025,XRP,2.294981566,7168701696,60107199237
11/14/2025,ZEC,511.637154563,1596858287,16383381
11/13/2025,AAVE,205.579366974,410287567,15167232
11/13/2025,ADA,0.5484291484,961731315,36595373755
11/13/2025,BNB,953.025955995,1531813480,137737150
11/13/2025,BTC,101840.692527717,65229428666,19947993
11/13/2025,ETH,3411.498451245,32211377445,120696490
11/13/2025,NEAR,2.52941016,357788917,1279811544
11/13/2025,SOL,153.022000659,5893313398,553906604
11/13/2025,XRP,2.390991665,4543943229,60107199237
11/13/2025,ZEC,516.231840236,2208261526,16383381
11/12/2025,AAVE,207.744006022,419756435,15269093
11/12/2025,ADA,0.5547284015,1031264173,36595373755
11/12/2025,BNB,956.164425512,1875213204,137737201
11/12/2025,BTC,102825.336579506,70157399666,19947556
11/12/2025,ETH,3416.878211264,35948486779,120696490
11/12/2025,NEAR,2.550385796,488585644,1279706875
11/12/2025,SOL,153.926334122,6238172020,553907333
11/12/2025,XRP,2.38673195,4096769806,60107199237
11/12/2025,ZEC,429.64676169,2398290055,16382905
11/11/2025,AAVE,227.826205544,535715349,15268520
11/11/2025,ADA,0.5923486946,1071619029,36595373755
11/11/2025,BNB,993.23250879,1856714875,137737261
11/11/2025,BTC,106087.688199244,65619589577,19946887
11/11/2025,ETH,3585.107683341,30099578398,120696534
11/11/2025,NEAR,2.761880487,782130036,1279628695
11/11/2025,SOL,167.244465555,5339786984,553784485
11/11/2025,XRP,2.538950466,6055415367,60107199237
11/11/2025,ZEC,523.22943676,4149802491,16380505
11/10/2025,AAVE,216.695851304,307668810,15266509
11/10/2025,ADA,0.5888526791,960074999,36588259707
11/10/2025,BNB,1014.499163652,1857891817,137737315
11/10/2025,BTC,106336.826629944,64051479408,19946503
11/10/2025,ETH,3638.635174607,27743427146,120696610
11/10/2025,NEAR,2.994028484,1097644418,1279550487
11/10/2025,SOL,167.739342724,4921058746,553591359
11/10/2025,XRP,2.420385788,3259572350,60107199237
11/10/2025,ZEC,647.396531097,2359389218,16379264
11/09/2025,AAVE,200.91538997,563592783,15266507
11/09/2025,ADA,0.5607707662,1028048648,36588259707
11/09/2025,BNB,989.389672026,1892133514,137737367
11/09/2025,BTC,101768.1532865,50165546043,19946206
11/09/2025,ETH,3384.211738452,19740285200,120696633
11/09/2025,NEAR,3.005758005,1365277840,1279472271
11/09/2025,SOL,156.79743591,3662498799,553468605
11/09/2025,XRP,2.273893112,2793093935,60107199237
11/09/2025,ZEC,577.87585634,3793429289,16377035
11/08/2025,AAVE,206.53078914,436430562,15262535
11/08/2025,ADA,0.57530937,1533395318,36588259707
11/08/2025,BNB,980.08920494,2729229018,137737419
11/08/2025,BTC,102625.172311731,93119889032,19945825
11/08/2025,ETH,3421.027206513,39411830029,120696817
11/08/2025,NEAR,2.651240044,1670239993,1279367658
11/08/2025,SOL,161.07485523,6600007595,553469253
11/08/2025,XRP,2.302619582,5660769377,60107199237
11/08/2025,ZEC,636.441815245,4324246440,16375280
11/07/2025,AAVE,199.29583036,310983939,15262360
11/07/2025,ADA,0.537941838,1068124570,36588259707
11/07/2025,BNB,952.303830839,1983860558,137737495
11/07/2025,BTC,101420.518117277,64817699825,19945368
11/07/2025,ETH,3320.577592018,34358442126,120697167
11/07/2025,NEAR,2.144619917,480453448,1279288927
11/07/2025,SOL,156.66105576,5579844725,553346424
11/07/2025,XRP,2.219250189,5370813968,60107199237
11/07/2025,ZEC,551.513630432,1721415463,16373567
11/06/2025,AAVE,201.612683584,408391240,15262241
11/06/2025,ADA,0.5416407664,1305348754,36588259707
11/06/2025,BNB,954.349123447,2926799937,137737574
11/06/2025,BTC,103603.02994988,78769803163,19944128
11/06/2025,ETH,3403.268194283,41303615266,120697275
11/06/2025,NEAR,1.945764492,257593910,1279211775
11/06/2025,SOL,161.305828642,7207449409,552739902
11/06/2025,XRP,2.344266918,6216943416,60107199237
11/06/2025,ZEC,480.737264065,1567349676,16371792
11/05/2025,AAVE,186.297301612,482592630,15262240
11/05/2025,ADA,0.5148617782,2017796172,36581028962
11/05/2025,BNB,929.309786025,5057020330,137737633
11/05/2025,BTC,100565.859894096,112225817639,19944128
11/05/2025,ETH,3239.408575847,71175741921,120697711
11/05/2025,NEAR,1.806595094,365696349,1279134131
11/05/2025,SOL,153.286529564,11483232430,552617046
11/05/2025,XRP,2.176274898,9077858741,60107199237
11/05/2025,ZEC,436.853042324,2490582067,16370038
11/04/2025,AAVE,201.189209393,407361809,15262053
11/04/2025,ADA,0.5552279685,1478939356,36581028962
11/04/2025,BNB,992.695915827,3960980036,137737713
11/04/2025,BTC,106516.386829246,76373343211,19944103
11/04/2025,ETH,3617.998323961,48164410105,120697887
11/04/2025,NEAR,1.921841629,307809232,1279030565
11/04/2025,SOL,166.48068222,9791302890,552617789
11/04/2025,XRP,2.334749436,6133208196,60107199237
11/04/2025,ZEC,426.104590969,1084044064,16368161
11/03/2025,AAVE,229.74339092,319426050,15261941
11/03/2025,ADA,0.6022394851,757347394,36581028962
11/03/2025,BNB,1077.156061505,1013640464,137737808
11/03/2025,BTC,109626.724450014,36360302520,19943668
11/03/2025,ETH,3860.450205333,17164166808,120697887
11/03/2025,NEAR,2.176061747,182111365,1278952569
11/03/2025,SOL,186.83673827,3439640457,552494510
11/03/2025,XRP,2.501836704,2303196087,60107199237
11/03/2025,ZEC,410.78504042,929629773,16364099
11/02/2025,AAVE,222.378334585,188460772,15261821
11/02/2025,ADA,0.6100104873,470688875,36581028962
11/02/2025,BNB,1092.008487314,1025740589,137737873
11/02/2025,BTC,109933.939670118,24976759158,19943168
11/02/2025,ETH,3865.006910132,12141975308,120697920
11/02/2025,NEAR,2.1648633,178202780,1278875478
11/02/2025,SOL,185.090188329,2658547766,552495218
11/02/2025,XRP,2.500721344,1617040589,60107199237
11/02/2025,ZEC,408.506282666,1163204478,16364099
11/01/2025,AAVE,227.216522461,337065427,15261638
11/01/2025,ADA,0.6079243883,805309633,36581028962
11/01/2025,BNB,1092.987234402,3100397810,137737928
11/01/2025,BTC,109678.859975509,56680119979,19942743
11/01/2025,ETH,3845.825862842,32164095308,120697956
11/01/2025,NEAR,2.103541306,172327123,1278798387
11/01/2025,SOL,186.978958327,5638160394,552371972
11/01/2025,XRP,2.499060617,4188608508,60107199237
11/01/2025,ZEC,408.497517464,1479887000,16362861
10/31/2025,AAVE,216.922001475,311582574,15259773
10/31/2025,ADA,0.6079155388,1456453811,36574007274
10/31/2025,BNB,1081.265562694,3099745546,137738014
10/31/2025,BTC,109283.865298696,73312219398,19942003
10/31/2025,ETH,3830.897512462,37296087010,120698040
10/31/2025,NEAR,2.115341632,200056934,1278694528
10/31/2025,SOL,185.626659579,8594627827,549823005
10/31/2025,XRP,2.457573642,5566985634,60017279517
10/31/2025,ZEC,348.64888813,1032018049,16359231
10/30/2025,AAVE,229.256310835,308805662,15259593
10/30/2025,ADA,0.6437423583,1300122604,36574007274
10/30/2025,BNB,1116.004130294,3084008015,137738106
10/30/2025,BTC,110493.036665564,63929005397,19941793
10/30/2025,ETH,3919.202083373,34107211043,120698095
10/30/2025,NEAR,2.298589482,187241832,1278613406
10/30/2025,SOL,194.404439952,8210740387,549700104
10/30/2025,XRP,2.560973653,4760368173,60017279517
10/30/2025,ZEC,357.021371932,808100655,16359231
10/29/2025,AAVE,228.821364523,296224262,15259427
10/29/2025,ADA,0.6437179293,1806559497,36574007274
10/29/2025,BNB,1101.532757077,3123431225,137738198
10/29/2025,BTC,112487.995805097,67267604726,19941415
10/29/2025,ETH,3973.049532565,35968964349,120698095
10/29/2025,NEAR,2.229461846,210178927,1278476028
10/29/2025,SOL,193.887336025,8007165055,549700821
10/29/2025,XRP,2.610772452,5319288431,60017279517
10/29/2025,ZEC,315.273751466,702052841,16357708
10/28/2025,AAVE,235.627867547,287712772,15259229
10/28/2025,ADA,0.6668289232,853220019,36574007274
10/28/2025,BNB,1140.363987195,3191391412,137738292
10/28/2025,BTC,114007.460904152,62178013644,19940893
10/28/2025,ETH,4119.348549279,35912096304,120698232
10/28/2025,NEAR,2.332922534,187391358,1278319615
10/28/2025,SOL,199.856504703,6522430794,549578023
10/28/2025,XRP,2.640656261,4492275452,60017279517
10/28/2025,ZEC,333.963133287,891009976,16355591
10/27/2025,AAVE,241.794742941,256781470,15258134
10/27/2025,ADA,0.6847720818,1040366619,36574007274
10/27/2025,BNB,1138.84753118,1706242079,139179709
10/27/2025,BTC,114736.971914356,44849042213,19940434
10/27/2025,ETH,4169.939810019,27104575525,120698251
10/27/2025,NEAR,2.379084445,156881439,1278163074
10/27/2025,SOL,203.114443573,5149380016,549578728
10/27/2025,XRP,2.64863536,3423056955,60017279517
10/27/2025,ZEC,352.175066912,1490989127,16354191
10/26/2025,AAVE,226.123865124,173689960,15258043
10/26/2025,ADA,0.6549839504,695741325,36566787550
10/26/2025,BNB,1117.672707841,1155132108,139179786
10/26/2025,BTC,111752.706412359,23539054967,19939984
10/26/2025,ETH,3951.164563034,12250550298,120698265
10/26/2025,NEAR,2.273889099,101873613,1277953800
10/26/2025,SOL,193.420329394,3110603686,549455304
10/26/2025,XRP,2.618124391,3434268369,60017279517
10/26/2025,ZEC,273.836390876,378301667,16352322
10/25/2025,AAVE,227.382766385,269292836,15257953
10/25/2025,ADA,0.6553733809,1061373837,36566787550
10/25/2025,BNB,1102.610569173,2185408896,139179868
10/25/2025,BTC,110804.728727065,48083680047,19939478
10/25/2025,ETH,3920.662258781,29930739757,120698300
10/25/2025,NEAR,2.257950712,148007587,1277797747
10/25/2025,SOL,192.956715784,5718641555,549456004
10/25/2025,XRP,2.522715389,4127307107,60017279517
10/25/2025,ZEC,267.522757077,596783327,16348160
10/24/2025,AAVE,224.824676062,270599774,15257904
10/24/2025,ADA,0.6453554751,1000420677,36566787550
10/24/2025,BNB,1136.539223018,4738238732,139180001
10/24/2025,BTC,110546.435661358,56613465390,19938934
10/24/2025,ETH,3870.061633734,32374229569,120698327
10/24/2025,NEAR,2.214573281,164073604,1249836992
10/24/2025,SOL,192.978488668,6522340368,549333373
10/24/2025,XRP,2.39986703,2934026835,60017279517
10/24/2025,ZEC,254.194322516,498653426,16348160
10/23/2025,AAVE,217.330493604,463199617,15256711
10/23/2025,ADA,0.6269109988,1264551713,36566787550
10/23/2025,BNB,1080.066229568,2568084790,139180203
10/23/2025,BTC,107861.528521312,80770917459,19938478
10/23/2025,ETH,3815.981369515,40571933395,120698359
10/23/2025,NEAR,2.161910635,196285702,1249836992
10/23/2025,SOL,181.02831387,7115397242,546664086
10/23/2025,XRP,2.367651492,4090459330,59975443601
10/23/2025,ZEC,238.326750678,692685568,16344194
10/22/2025,AAVE,217.494490743,423221032,15256696
10/22/2025,ADA,0.6414137508,1366428746,36566787550
10/22/2025,BNB,1059.742465942,3348075585,139180349
10/22/2025,BTC,108050.24247958,108638897218,19937993
10/22/2025,ETH,3844.358305407,47778544789,120698359
10/22/2025,NEAR,2.208918396,216891985,1249836992
10/22/2025,SOL,185.696076366,8279871011,546541959
10/22/2025,XRP,2.415252606,4774448083,59975443601
10/22/2025,ZEC,264.898746011,926115295,16344194
10/21/2025,AAVE,228.128285017,331162751,15256668
10/21/2025,ADA,0.6624059272,1187157380,36559618924
10/21/2025,BNB,1099.492083612,2947000112,139180511
10/21/2025,BTC,110486.270374462,58541856395,19937540
10/21/2025,ETH,3973.365219143,33979869280,120698441
10/21/2025,NEAR,2.262151919,162114172,1249836992
10/21/2025,SOL,189.268486775,5960324251,546542712
10/21/2025,XRP,2.487172558,4070494002,59975443601
10/21/2025,ZEC,268.800924216,744980235,16343141
10/20/2025,AAVE,220.546684689,331614870,15256164
10/20/2025,ADA,0.6461838737,1127706225,36559618924
10/20/2025,BNB,1102.218704855,2701200761,139180691
10/20/2025,BTC,108131.043355072,47946430303,19936690
10/20/2025,ETH,3945.907041292,30518152865,120698461
10/20/2025,NEAR,2.239176314,191407896,1249836992
10/20/2025,SOL,185.684725214,5043877161,546418228
10/20/2025,XRP,2.381396485,3144274481,59975443601
10/20/2025,ZEC,241.758184238,400168205,16337517
10/19/2025,AAVE,213.326648013,224448600,15256042
10/19/2025,ADA,0.6305244761,507187264,36559618924
10/19/2025,BNB,1081.663790676,2585034847,139180811
10/19/2025,BTC,106913.92729466,32898165166,19936643
10/19/2025,ETH,3868.783192192,19704890929,120698485
10/19/2025,NEAR,2.160084403,115835103,1249836992
10/19/2025,SOL,185.702229284,4047280360,546953279
10/19/2025,XRP,2.345809613,2445494357,59975443601
10/19/2025,ZEC,218.386678762,395787214,16337517
10/18/2025,AAVE,206.247796303,566620997,15255987
10/18/2025,ADA,0.627928279,1522260274,36559618924
10/18/2025,BNB,1079.384660779,5553292642,139180935
10/18/2025,BTC,106875.153286178,94536262059,19936118
10/18/2025,ETH,3841.717927764,52714314866,120698694
10/18/2025,NEAR,2.160343397,255152709,1249836992
10/18/2025,SOL,182.772722467,10265354503,546831461
10/18/2025,XRP,2.31030696,7090310078,59975443601
10/18/2025,ZEC,218.232987365,710693942,16337988
10/17/2025,AAVE,224.045507492,425849630,15255770
10/17/2025,ADA,0.6488629352,1520265192,36559618924
10/17/2025,BNB,1149.708542631,4368478599,139181094
10/17/2025,BTC,108802.819244864,84410702160,19934406
10/17/2025,ETH,3925.910365596,44386517027,120698786
10/17/2025,NEAR,2.210702704,248871184,1249836992
10/17/2025,SOL,185.903135106,10002161987,546832242
10/17/2025,XRP,2.335446593,6492176310,59916045245
10/17/2025,ZEC,210.399681923,692327703,16336210
10/16/2025,AAVE,240.911195583,374484301,15255497
10/16/2025,ADA,0.6665939095,1379054646,36552429492
10/16/2025,BNB,1171.656802736,4603656513,139181260
10/16/2025,BTC,110510.004386743,68063398084,19934406
10/16/2025,ETH,3984.99314201,44211606238,120698786
10/16/2025,NEAR,2.31855111,262358102,1249836992
10/16/2025,SOL,194.109923714,9662387283,546701260
10/16/2025,XRP,2.40849637,5099539906,59916045245
10/16/2025,ZEC,227.473274878,794283934,16330239
10/15/2025,AAVE,253.802051641,519038861,15255104
10/15/2025,ADA,0.697143503,2023247965,36552429492
10/15/2025,BNB,1210.282759012,8772604263,139181474
10/15/2025,BTC,113015.483781266,90471012308,19934406
10/15/2025,ETH,4116.649435763,62871369897,120698862
10/15/2025,NEAR,2.457252002,396549578,1249836992
10/15/2025,SOL,203.552217612,13415275873,546702008
10/15/2025,XRP,2.503442477,7703838937,59916045245
10/15/2025,ZEC,245.462569723,866861922,16330239
10/14/2025,AAVE,260.631990671,471751477,15254903
10/14/2025,ADA,0.7268152876,2052670669,36552429492
10/14/2025,BNB,1302.247596381,9947429378,139181723
10/14/2025,BTC,115052.792775979,67805677404,19934178
10/14/2025,ETH,4243.440809203,45259592070,120698950
10/14/2025,NEAR,2.61517004,442303981,1249836992
10/14/2025,SOL,209.412177241,11522337218,546579672
10/14/2025,XRP,2.608535828,8038564449,59916045245
10/14/2025,ZEC,243.565889638,743989204,16330239
10/13/2025,AAVE,248.756904355,568158678,15254159
10/13/2025,ADA,0.7013501788,1908668932,36552429492
10/13/2025,BNB,1313.255435702,9192554259,139182031
10/13/2025,BTC,115386.002379805,94817613176,19932790
10/13/2025,ETH,4142.890899697,56264943143,120699101
10/13/2025,NEAR,2.435219174,437537737,1249836992
10/13/2025,SOL,197.419303805,12326560569,546562686
10/13/2025,XRP,2.531694146,9805540317,59916045245
10/13/2025,ZEC,263.475577355,1015817416,16327097
10/12/2025,AAVE,228.955489292,915899700,15254086
10/12/2025,ADA,0.6240282565,2691917771,36552429492
10/12/2025,BNB,1113.514204935,6475323000,139182296
10/12/2025,BTC,109758.359681973,101876248470,19932790
10/12/2025,ETH,3704.012288402,52045332875,120699440
10/12/2025,NEAR,2.251518952,494465270,1249836992
10/12/2025,SOL,173.745605578,12144686732,546441571
10/12/2025,XRP,2.347241289,9914655275,59916045245
10/12/2025,ZEC,277.520000517,1571834978,16327097
10/11/2025,AAVE,228.971243528,1006846231,15253966
10/11/2025,ADA,0.6490527894,4632995769,36545209089
10/11/2025,BNB,1118.361092409,8950871527,139182508
10/11/2025,BTC,112695.327381842,159875345394,19932790
10/11/2025,ETH,3842.855276227,95539197351,120701990
10/11/2025,NEAR,2.420046646,1056111612,1249836992
10/11/2025,SOL,188.793587239,17925323045,546442333
10/11/2025,XRP,2.394545468,15416539638,59916045245
10/11/2025,ZEC,228.062207371,1799598243,16325370
10/10/2025,AAVE,274.137452793,345192207,15253774
10/10/2025,ADA,0.8157007711,1349797362,36545209089
10/10/2025,BNB,1258.078853547,6739067927,139182937
10/10/2025,BTC,121792.0612569,71913263087,19931834
10/10/2025,ETH,4381.689761501,43446642434,120702063
10/10/2025,NEAR,2.882590716,282401336,1249836992
10/10/2025,SOL,221.370237185,7902655835,546127111
10/10/2025,XRP,2.811571027,5303440206,59871700035
10/10/2025,ZEC,225.956574551,1043900419,16323730
10/09/2025,AAVE,285.125394644,302552288,15253577
10/09/2025,ADA,0.8358951605,1230862528,36545209089
10/09/2025,BNB,1311.091832013,6197930073,139183438
10/09/2025,BTC,122883.793973672,60700247824,19931834
10/09/2025,ETH,4511.268100535,34873127336,120702112
10/09/2025,NEAR,2.927200304,273374579,1249836992
10/09/2025,SOL,228.551100545,7057496028,546207929
10/09/2025,XRP,2.86941172,4387803847,59871700035
10/09/2025,ZEC,173.034266315,777538538,16321875
10/08/2025,AAVE,278.40378557,470599925,15253271
10/08/2025,ADA,0.8265217499,1846658029,36545209089
10/08/2025,BNB,1312.786054849,10133844247,139184063
10/08/2025,BTC,121953.042606821,77527930953,19931537
10/08/2025,ETH,4471.660676594,51367728707,120702112
10/08/2025,NEAR,2.990817924,366469534,1249836992
10/08/2025,SOL,221.263485865,9711701123,546085011
10/08/2025,XRP,2.871084534,7129780657,59871700035
10/08/2025,ZEC,127.632143767,558277446,16319578
10/07/2025,AAVE,296.896831636,395615257,15253148
10/07/2025,ADA,0.8754527543,1756186354,36545209089
10/07/2025,BNB,1223.175215461,4234196178,139184533
10/07/2025,BTC,124918.666748886,66760531073,19928203
10/07/2025,ETH,4683.394320529,40002245027,120702353
10/07/2025,NEAR,3.061335525,286298437,1249836992
10/07/2025,SOL,232.479516971,7501306251,546085745
10/07/2025,XRP,2.994211435,6121778346,59871700035
10/07/2025,ZEC,157.366853293,492126961,16315953
10/06/2025,AAVE,283.837115225,395552839,15252837
10/06/2025,ADA,0.8349041965,1660197946,36538029195
10/06/2025,BNB,1167.686371208,2513974274,139184745
10/06/2025,BTC,123306.140757557,76239694759,19928203
10/06/2025,ETH,4497.187175543,41989624914,120702374
10/06/2025,NEAR,2.94973883,364873780,1249836992
10/06/2025,SOL,228.460557268,7452244815,545358578
10/06/2025,XRP,2.962270521,5451641597,59871700035
10/06/2025,ZEC,164.12763545,567925632,16315953
10/05/2025,AAVE,281.529147722,264251704,15252128
10/05/2025,ADA,0.8361273879,861751584,36538029195
10/05/2025,BNB,1147.357275099,2482010070,139184891
10/05/2025,BTC,122199.121743966,34039782877,19928203
10/05/2025,ETH,4472.58766629,20009913844,120702395
10/05/2025,NEAR,2.937351772,208947657,1249836992
10/05/2025,SOL,227.075511064,4490041656,545359304
10/05/2025,XRP,2.958700252,3829660594,59871700035
10/05/2025,ZEC,161.922982024,693788905,16314302
10/04/2025,AAVE,291.00663595,468079820,15250277
10/04/2025,ADA,0.8637239551,1669244877,36538029195
10/04/2025,BNB,1178.08730883,4190465434,139185042
10/04/2025,BTC,122167.607637806,82087142728,19928203
10/04/2025,ETH,4503.709566887,45764291975,120702472
10/04/2025,NEAR,3.020856716,333913278,1249836992
10/04/2025,SOL,231.964867881,9350852733,545237157
10/04/2025,XRP,3.044004886,6592504255,59871700035
10/04/2025,ZEC,127.898562152,653320413,16312680
10/03/2025,AAVE,288.06237619,434437086,15248867
10/03/2025,ADA,0.8630451635,1706363231,36538029195
10/03/2025,BNB,1086.840317053,2647010283,139185252
10/03/2025,BTC,120198.735026572,66248674270,19928203
10/03/2025,ETH,4471.151372005,42308752421,120702572
10/03/2025,NEAR,2.9528487,322486901,1249836992
10/03/2025,SOL,232.231945674,9833458461,543579583
10/03/2025,XRP,3.02250395,7267218347,59871700035
10/03/2025,ZEC,135.055812189,1081777491,16309705
10/02/2025,AAVE,285.266276891,435316093,15248867
10/02/2025,ADA,0.8487302592,1679310990,36538029195
10/02/2025,BNB,1025.161997185,1883025203,139185352
10/02/2025,BTC,118469.828359753,75049410676,19928203
10/02/2025,ETH,4335.621090499,44500988869,120702663
10/02/2025,NEAR,2.843559852,307823252,1249836992
10/02/2025,SOL,219.893591966,8704942205,543457973
10/02/2025,XRP,2.943892344,6174300178,59871700035
10/02/2025,ZEC,117.986275234,876098617,16309314
10/01/2025,AAVE,272.704798731,355798939,15248825
10/01/2025,ADA,0.806466688,1255525309,36538029195
10/01/2025,BNB,1012.131632846,1886074967,139185434
10/01/2025,BTC,114226.514677755,56091108357,19928203
10/01/2025,ETH,4147.911991632,32941658725,120702766
10/01/2025,NEAR,2.632389952,206302858,1249836992
10/01/2025,SOL,207.350096868,6966941850,543755782
10/01/2025,XRP,2.835827598,4623091864,59826504399
10/01/2025,ZEC,74.988303129,220659591,16306478
09/30/2025,AAVE,275.672739294,392521155,15248672
09/30/2025,ADA,0.8023967905,1337832095,36530886110
09/30/2025,BNB,1028.580672482,2086389300,139185509
09/30/2025,BTC,114559.112677141,58633258664,19928043
09/30/2025,ETH,4206.30821239,34789202613,120703251
09/30/2025,NEAR,2.757978139,214818501,1249836992
09/30/2025,SOL,211.644814471,7041274729,543632268
09/30/2025,XRP,2.878201085,5074675128,59826504399
09/30/2025,ZEC,71.69632359,145069596,16304325
09/29/2025,AAVE,275.32929775,268634450,15244834
09/29/2025,ADA,0.8058179923,1031944929,36530886110
09/29/2025,BNB,994.703588467,1293099760,139185628
09/29/2025,BTC,112273.175170146,32018455412,19927425
09/29/2025,ETH,4127.553867861,22065241258,120703304
09/29/2025,NEAR,2.810513769,132632192,1249836992
09/29/2025,SOL,209.421249866,4555628407,543632664
09/29/2025,XRP,2.862219574,2948809089,59826504399
09/29/2025,ZEC,65.411038971,68982328,16303722
09/28/2025,AAVE,266.18241218,220821993,15244773
09/28/2025,ADA,0.7780421134,838070549,36530886110
09/28/2025,BNB,968.106283638,1352398713,139185686
09/28/2025,BTC,109654.817179646,23437237864,19927115
09/28/2025,ETH,4017.524597149,16997363449,120703339
09/28/2025,NEAR,2.710509254,105270258,1249836992
09/28/2025,SOL,202.992823652,3931139995,543510607
09/28/2025,XRP,2.800857463,2929928443,59826504399
09/28/2025,ZEC,54.47077732,112786407,16298572
09/27/2025,AAVE,271.256293568,445802703,15244624
09/27/2025,ADA,0.7915170657,1366459732,36530886110
09/27/2025,BNB,963.124891135,2304503581,139185778
09/27/2025,BTC,109682.817053546,53600319817,19926640
09/27/2025,ETH,4028.742591007,41211862660,120703418
09/27/2025,NEAR,2.773400793,244876132,1249836992
09/27/2025,SOL,205.198335023,10031842888,543511318
09/27/2025,XRP,2.779876601,7650672432,59826504399
09/27/2025,ZEC,55.836464155,60333368,16298572
09/26/2025,AAVE,263.828068073,595410450,15234339
09/26/2025,ADA,0.7778449442,1859935477,36523691981
09/26/2025,BNB,955.4491863,3459967126,139185899
09/26/2025,BTC,109531.467748078,75732827696,19926212
09/26/2025,ETH,3932.785589802,64180911555,120703648
09/26/2025,NEAR,2.739663961,366127485,1249836992
09/26/2025,SOL,195.35156664,12299119536,543389384
09/26/2025,XRP,2.766679139,8981276776,59777241479
09/26/2025,ZEC,54.755370146,141194567,16298572
09/25/2025,AAVE,276.50296403,370598686,15233069
09/25/2025,ADA,0.8086384427,1304966023,36523691981
09/25/2025,BNB,1016.46907131,2351201066,139186017
09/25/2025,BTC,113060.923374287,45681464516,19925765
09/25/2025,ETH,4128.627217558,29486733225,120703697
09/25/2025,NEAR,2.988270023,309216640,1249836992
09/25/2025,SOL,210.675939449,8579086668,543390143
09/25/2025,XRP,2.914225278,6167442637,59777241479
09/25/2025,ZEC,58.953259591,99869806,16293072
09/24/2025,AAVE,275.273248211,443437531,15232783
09/24/2025,ADA,0.8115711197,1368219005,36523691981
09/24/2025,BNB,1017.87062916,2947899661,139186164
09/24/2025,BTC,112249.110110101,46364991934,19925303
09/24/2025,ETH,4174.858630462,28984184138,120703750
09/24/2025,NEAR,2.975526381,370684121,1249836992
09/24/2025,SOL,213.566270531,7555138730,543276716
09/24/2025,XRP,2.828689552,5229096407,59777241479
09/24/2025,ZEC,54.637134897,72976952,16293110
09/23/2025,AAVE,268.050887527,665390078,15232453
09/23/2025,ADA,0.8229273291,2536066222,36523691981
09/23/2025,BNB,992.25597765,3488279480,139186283
09/23/2025,BTC,112478.239336055,66476860611,19924850
09/23/2025,ETH,4194.559751273,49343013466,120703827
09/23/2025,NEAR,2.972276838,406320399,1249836992
09/23/2025,SOL,219.847248009,11712009791,543277468
09/23/2025,XRP,2.853950406,8730780487,59777241479
09/23/2025,ZEC,48.699665898,61650952,16288714
09/22/2025,AAVE,287.196207771,253034208,15232083
09/22/2025,ADA,0.8670109358,1352713922,36523691981
09/22/2025,BNB,1030.851592694,2828749244,139186420
09/22/2025,BTC,114443.657682714,21430432328,19923296
09/22/2025,ETH,4339.290470772,19448014437,120703850
09/22/2025,NEAR,3.046556961,211401084,1249836992
09/22/2025,SOL,232.558071799,4413391781,543155243
09/22/2025,XRP,2.916984319,3398832450,59777241479
09/22/2025,ZEC,50.637419859,109258987,16288714
09/21/2025,AAVE,297.461202815,238859317,15232083
09/21/2025,ADA,0.8966875464,1105133208,36516438057
09/21/2025,BNB,1060.045278397,2886560956,139186550
09/21/2025,BTC,115692.385751218,18363128598,19923296
09/21/2025,ETH,4487.860298331,14149703497,120703884
09/21/2025,NEAR,3.145433993,337915948,1249836992
09/21/2025,SOL,240.609037742,3563140679,543155981
09/21/2025,XRP,2.990396597,3134446036,59777241479
09/21/2025,ZEC,50.775652138,52700578,16288714
09/20/2025,AAVE,300.757066913,379325161,15231984
09/20/2025,ADA,0.8974153118,1752635850,36516438057
09/20/2025,BNB,986.547292985,2189604781,139186654
09/20/2025,BTC,115757.644927014,33326884161,19923296
09/20/2025,ETH,4476.951217626,28213290237,120703963
09/20/2025,NEAR,3.148362222,579089224,1249836992
09/20/2025,SOL,239.704464429,7520078925,543033641
09/20/2025,XRP,2.999777196,4561575050,59777241479
09/20/2025,ZEC,49.121643662,115703071,16283895
09/19/2025,AAVE,311.077017197,374728242,15231938
09/19/2025,ADA,0.933299116,2345555628,36516438057
09/19/2025,BNB,985.825190284,2388653652,139186738
09/19/2025,BTC,117455.991397339,43036922775,19922840
09/19/2025,ETH,4610.404883592,29110848957,120704240
09/19/2025,NEAR,3.249526225,599572000,1249836992
09/19/2025,SOL,248.111722405,9445874573,543034388
09/19/2025,XRP,3.084912354,6274944892,59777241479
09/19/2025,ZEC,50.725749585,113700292,16283895
09/18/2025,AAVE,304.87212869,442335114,15231261
09/18/2025,ADA,0.9098593192,2244178767,36516438057
09/18/2025,BNB,983.902624027,2466333581,139186811
09/18/2025,BTC,116379.67274022,55761451901,19922378
09/18/2025,ETH,4586.850010417,42534219576,120704319
09/18/2025,NEAR,2.811994757,224910756,1249836992
09/18/2025,SOL,244.887341298,10915298232,543000729
09/18/2025,XRP,3.078446785,6761227340,59777241479
09/18/2025,ZEC,51.109466467,111967651,16283895
09/17/2025,AAVE,299.48458018,413367347,15230913
09/17/2025,ADA,0.8784602654,1539449335,36516438057
09/17/2025,BNB,959.766274499,2004218079,139186889
09/17/2025,BTC,116608.522283216,39754568405,19921987
09/17/2025,ETH,4514.742052089,27847616592,120704319
09/17/2025,NEAR,2.705042736,158902767,1249836992
09/17/2025,SOL,236.283846001,7535390200,543001577
09/17/2025,XRP,3.036679262,4442027556,59726035800
09/17/2025,ZEC,51.734682068,102724849,16281692
09/16/2025,AAVE,298.134521872,325616602,15230517
09/16/2025,ADA,0.8611519415,2221931121,36516438057
09/16/2025,BNB,918.522522352,1351475051,139186973
09/16/2025,BTC,115086.541782451,46013510334,19921484
09/16/2025,ETH,4513.831994018,34695403835,120704642
09/16/2025,NEAR,2.619331521,194182233,1249836992
09/16/2025,SOL,233.543059241,10307475069,542592461
09/16/2025,XRP,2.983839341,5749490228,59726035800
09/16/2025,ZEC,49.76313261,53120032,16279206
09/15/2025,AAVE,306.948078935,315320190,15230271
09/15/2025,ADA,0.8879146631,1325547013,36509250519
09/15/2025,BNB,925.449399196,1288978563,139187033
09/15/2025,BTC,115085.840805542,28369890423,19920975
09/15/2025,ETH,4602.741190651,23369713429,120704669
09/15/2025,NEAR,2.710837569,133182914,1249836992
09/15/2025,SOL,240.848113797,9635727324,542566730
09/15/2025,XRP,3.035678542,4854832332,59610205486
09/15/2025,ZEC,50.298458691,68195445,16277816
09/14/2025,AAVE,313.140467307,351280549,15230208
09/14/2025,ADA,0.9229111673,2294103832,36509250519
09/14/2025,BNB,933.962811994,1429719893,139187086
09/14/2025,BTC,115946.947097982,29199013986,19920500
09/14/2025,ETH,4669.206803635,30320310569,120704706
09/14/2025,NEAR,2.7912858,202308388,1249836992
09/14/2025,SOL,243.613914267,7809475975,542445010
09/14/2025,XRP,3.10925488,5591428751,59610205486
09/14/2025,ZEC,53.432325359,55548960,16276500
09/13/2025,AAVE,320.407925856,416214345,15230011
09/13/2025,ADA,0.9263652645,1953506081,36509250519
09/13/2025,BNB,927.556802603,1560744095,139187141
09/13/2025,BTC,116278.749234738,47933890868,19919928
09/13/2025,ETH,4707.702307106,37994218982,120704775
09/13/2025,NEAR,2.803527708,181446336,1249836992
09/13/2025,SOL,243.461983393,13017460136,542445657
09/13/2025,XRP,3.105204229,5660821898,59610205486
09/13/2025,ZEC,49.596263324,53227357,16275367
09/12/2025,AAVE,311.585933525,405650016,15227279
09/12/2025,ADA,0.9046489864,1738361587,36509250519
09/12/2025,BNB,906.24045289,1283180970,139187213
09/12/2025,BTC,115889.161088329,47440957299,19919668
09/12/2025,ETH,4517.491571198,36027249383,120704775
09/12/2025,NEAR,2.760471303,170855754,1249836992
09/12/2025,SOL,233.442899772,11159526501,542324205
09/12/2025,XRP,3.059218253,5746467096,59610205486
09/12/2025,ZEC,48.298784085,104404115,16271391
09/11/2025,AAVE,301.251445779,411648640,15227130
09/11/2025,ADA,0.8856418805,1472316522,36509250519
09/11/2025,BNB,891.096530231,1825375673,139187291
09/11/2025,BTC,113894.428285228,51768187184,19919181
09/11/2025,ETH,4359.003061801,34469791783,120704921
09/11/2025,NEAR,2.74582697,187796750,1249836992
09/11/2025,SOL,225.054503888,9383268258,542323153
09/11/2025,XRP,2.991302742,4307445145,59610205486
09/11/2025,ZEC,47.821515265,108830791,16271391
09/10/2025,AAVE,296.564662516,453042351,15226940
09/10/2025,ADA,0.861623728,1954897309,36509250519
09/10/2025,BNB,877.609838506,1055680084,139187351
09/10/2025,BTC,111014.688536057,44767575503,19918681
09/10/2025,ETH,4286.104277202,27376929892,120705000
09/10/2025,NEAR,2.629861587,292485292,1249836992
09/10/2025,SOL,215.278261445,8810356668,542009020
09/10/2025,XRP,2.937700219,5308379938,59610205486
09/10/2025,ZEC,48.35200956,113062129,16269819
09/09/2025,AAVE,302.953900898,407459053,15226907
09/09/2025,ADA,0.8683287179,1743663948,36509250519
09/09/2025,BNB,875.888310485,1157129439,139187403
09/09/2025,BTC,111644.927173449,37332515327,19918165
09/09/2025,ETH,4301.312805504,27312846099,120705084
09/09/2025,NEAR,2.608157335,152477334,1249836992
09/09/2025,SOL,213.256768605,9731134107,542008556
09/09/2025,XRP,2.955852938,5819898949,59610205486
09/09/2025,ZEC,50.847317587,111595947,16268255
09/08/2025,AAVE,300.85756558,261500707,15226546
09/08/2025,ADA,0.8334320165,1035340353,36501868456
09/08/2025,BNB,882.753376768,926142354,139187476
09/08/2025,BTC,110791.015980176,22801877590,19917612
09/08/2025,ETH,4296.987853632,14849782910,120705110
09/08/2025,NEAR,2.45844792,97010477,1249836992
09/08/2025,SOL,205.781479655,4414565061,541886067
09/08/2025,XRP,2.868638675,3444406869,59610205486
09/08/2025,ZEC,48.321937617,87425072,16265670
09/07/2025,AAVE,300.114473437,240672599,15226456
09/07/2025,ADA,0.8210930845,845753303,36501868456
09/07/2025,BNB,861.721035422,968996052,139187522
09/07/2025,BTC,110367.909509332,19240307881,19917153
09/07/2025,ETH,4284.735158668,14423649051,120705149
09/07/2025,NEAR,2.406863828,66881003,1249836992
09/07/2025,SOL,201.219662909,2957075137,541885360
09/07/2025,XRP,2.81602151,1740505292,59610205486
09/07/2025,ZEC,46.273765418,35675900,16261010
09/06/2025,AAVE,303.295791495,501924399,15226435
09/06/2025,ADA,0.8338325441,1463727892,36494561994
09/06/2025,BNB,851.667881207,977313763,139187560
09/06/2025,BTC,110782.970901369,55910145573,19916693
09/06/2025,ETH,4322.554040827,38119642431,120705220
09/06/2025,NEAR,2.40412719,174193446,1249836992
09/06/2025,SOL,203.821459938,7428569120,541158698
09/06/2025,XRP,2.814679914,6412485590,59610205486
09/06/2025,ZEC,41.106513313,88272791,16262389
09/05/2025,AAVE,306.008505163,531637027,15226325
09/05/2025,ADA,0.806208125,1091135996,36494561994
09/05/2025,BNB,844.028644063,913903956,139187604
09/05/2025,BTC,110489.102308016,37639675585,19916287
09/05/2025,ETH,4302.346227041,30634252081,120705310
09/05/2025,NEAR,2.37088186,106120664,1249836992
09/05/2025,SOL,201.325479549,5045863109,541159517
09/05/2025,XRP,2.782273081,4489914362,59482264023
09/05/2025,ZEC,41.030321162,88446554,16259817
09/04/2025,AAVE,326.68347922,459162619,15225874
09/04/2025,ADA,0.8403601577,1131672845,36494561994
09/04/2025,BNB,856.614924632,837506798,139187652
09/04/2025,BTC,112102.213666605,35521515658,19915362
09/04/2025,ETH,4469.098829551,30087378868,120705396
09/04/2025,NEAR,2.471416993,104879585,1249836992
09/04/2025,SOL,211.348544721,6456542286,541036758
09/04/2025,XRP,2.847619448,4098170451,59482264023
09/04/2025,ZEC,41.513836239,45255131,16259150
09/03/2025,AAVE,314.125738252,520241283,15223115
09/03/2025,ADA,0.8316319123,1501044028,36494561994
09/03/2025,BNB,850.48272806,1287841959,139187695
09/03/2025,BTC,111318.465869443,51161022584,19915362
09/03/2025,ETH,4309.218981475,33152873857,120705460
09/03/2025,NEAR,2.437965016,150907951,1249836992
09/03/2025,SOL,208.256572533,9066963720,541037736
09/03/2025,XRP,2.839737771,7781417171,59482264023
09/03/2025,ZEC,41.535820434,46763880,16257353
09/02/2025,AAVE,305.109258521,460613293,15223034
09/02/2025,ADA,0.8007328492,1767948920,36494561994
09/02/2025,BNB,844.887450664,1646097093,139187751
09/02/2025,BTC,109022.354732123,41872550383,19914896
09/02/2025,ETH,4303.169317018,31154207260,120705460
09/02/2025,NEAR,2.334185101,182584406,1249836992
09/02/2025,SOL,197.552782207,7181482627,540915302
09/02/2025,XRP,2.758737656,7717165672,59482264023
09/02/2025,ZEC,39.978858745,46013874,16255036
09/01/2025,AAVE,313.894331543,377668796,15218711
09/01/2025,ADA,0.8061869948,989181883,36487203224
09/01/2025,BNB,861.437833971,740316171,139187801
09/01/2025,BTC,108207.87557801,26843508708,19914412
09/01/2025,ETH,4396.068441335,21765937141,120706553
09/01/2025,NEAR,2.355363642,111666601,1249836992
09/01/2025,SOL,200.630112913,5282892074,540916240
09/01/2025,XRP,2.764427887,3662592148,59482264023
09/01/2025,ZEC,40.552399691,84171011,16253558
08/31/2025,AAVE,320.906642718,375897077,15218250
08/31/2025,ADA,0.8340686193,1072119485,36487203224
08/31/2025,BNB,863.091046846,736159420,139187840
08/31/2025,BTC,109373.097295137,27807696212,19913993
08/31/2025,ETH,4465.021861284,19372283901,120706615
08/31/2025,NEAR,2.465922343,85868339,1249836992
08/31/2025,SOL,205.485014232,6058628301,540793328
08/31/2025,XRP,2.844086409,3305568069,59482264023
08/31/2025,ZEC,40.262676241,81728060,16251167
08/30/2025,AAVE,317.382711964,656742374,15218104
08/30/2025,ADA,0.8260173306,1798133243,36487203224
08/30/2025,BNB,859.314475336,1524048353,139187877
08/30/2025,BTC,108296.469919145,51236407006,19913503
08/30/2025,ETH,4341.497764004,35625871543,120706697
08/30/2025,NEAR,2.425513939,212617936,1249836992
08/30/2025,SOL,204.88309037,13531410699,540794864
08/30/2025,XRP,2.81717411,7274893165,59482264023
08/30/2025,ZEC,40.112825636,47984827,16250110
08/29/2025,AAVE,316.172612336,551177049,15218078
08/29/2025,ADA,0.8548090503,1392887011,36487203224
08/29/2025,BNB,874.978701749,1249898839,139187926
08/29/2025,BTC,112210.535498455,35117837831,19912975
08/29/2025,ETH,4481.996896654,28798652345,120706789
08/29/2025,NEAR,2.527666345,156439635,1249836992
08/29/2025,SOL,214.782056846,11952099098,540672589
08/29/2025,XRP,2.956703036,5534077922,59482264023
08/29/2025,ZEC,42.293295885,92043190,16247049
08/28/2025,AAVE,320.456326741,577607557,15217877
08/28/2025,ADA,0.8500341629,1574860554,36487203224
08/28/2025,BNB,853.326232031,1335429289,139287191
08/28/2025,BTC,111332.97302074,37112733056,19912493
08/28/2025,ETH,4493.611698675,35521904480,120706918
08/28/2025,NEAR,2.508554233,177559048,1249836992
08/28/2025,SOL,203.775463658,12964112810,540673689
08/28/2025,XRP,2.968829625,6334887446,59482264023
08/28/2025,ZEC,42.516696631,70206514,16245938
08/27/2025,AAVE,332.001071994,720140879,15217191
08/27/2025,ADA,0.8599384891,1479660239,36473824934
08/27/2025,BNB,862.427692122,1491302184,139287239
08/27/2025,BTC,111356.667919651,42112307829,19912006
08/27/2025,ETH,4571.973088849,41843403624,120707007
08/27/2025,NEAR,2.515795773,184747133,1249716060
08/27/2025,SOL,195.001074968,7103207810,540551333
08/27/2025,XRP,2.994030469,6626642740,59482264023
08/27/2025,ZEC,42.983756261,67925087,16244510
08/26/2025,AAVE,315.80536848,671810089,15217142
08/26/2025,ADA,0.8329888237,2423636767,36473824934
08/26/2025,BNB,831.755081012,2325215769,139287288
08/26/2025,BTC,109128.420651077,58967421465,19911556
08/26/2025,ETH,4334.175114821,51810515041,120707098
08/26/2025,NEAR,2.39389506,256855944,1249525820
08/26/2025,SOL,186.302523807,12279975042,540564261
08/26/2025,XRP,2.859400205,6764614476,59482264023
08/26/2025,ZEC,39.589515744,73946702,16240111
08/25/2025,AAVE,345.319446982,658498941,15215968
08/25/2025,ADA,0.8960485012,2454910228,36473824934
08/25/2025,BNB,871.546047543,1916199156,139287338
08/25/2025,BTC,112623.5605527,41395253424,19911109
08/25/2025,ETH,4702.823643329,36952424196,120707098
08/25/2025,NEAR,2.621663633,240457850,1249335426
08/25/2025,SOL,203.510681874,11525345889,540437694
08/25/2025,XRP,2.9932088,6291206062,59482264023
08/25/2025,ZEC,42.391483654,75702133,16240111
08/24/2025,AAVE,355.815302454,1321857299,15215789
08/24/2025,ADA,0.9165644539,1599952819,36473824934
08/24/2025,BNB,885.607760757,1375329136,139287385
08/24/2025,BTC,115319.10021577,27302062400,19910600
08/24/2025,ETH,4796.137444381,27899684568,120707228
08/24/2025,NEAR,2.703593619,144952938,1249143538
08/24/2025,SOL,206.054876529,7753557788,540438807
08/24/2025,XRP,3.057172315,4237561521,59482264023
08/24/2025,ZEC,44.031149201,51312950,16239370
08/23/2025,AAVE,350.051624735,931642574,15214449
08/23/2025,ADA,0.9222680649,3062816342,36473824934
08/23/2025,BNB,892.215605691,2452457578,139287426
08/23/2025,BTC,116829.888492875,50909027579,19910115
08/23/2025,ETH,4807.074325497,61383157753,120707228
08/23/2025,NEAR,2.689164986,305486743,1248902486
08/23/2025,SOL,198.774870997,10267164200,540310771
08/23/2025,XRP,3.040992898,9893063584,59482264023
08/23/2025,ZEC,43.918193614,132902574,16237644